t,alpha_3to0,alpha_0to1,alpha_1to2,alpha_2to3,rg2dot,length,L_over_Rg,u_rms
0.000000000000000000e+00,4.430088114713121722e-02,4.022682116704996008e-02,6.687025761169192173e-02,5.891911453611303057e-02,-1.459758360958142986e-01,1.034215694928354168e+01,1.034215694928354345e+01,3.751646440776386648e-01
1.000000000000000021e-02,4.404815868852315908e-02,4.051596339616219539e-02,6.716783145682886369e-02,5.947567162036071498e-02,-1.448109137005198499e-01,1.034253807236267164e+01,1.035006498507259742e+01,3.752513922758768938e-01
2.000000000000000042e-02,4.379448680942920474e-02,4.080507028196384695e-02,6.746112132082736357e-02,6.000636840751582407e-02,-1.436411019002605260e-01,1.034317517607136594e+01,1.035818575138322473e+01,3.753391103621219749e-01
2.999999999999999889e-02,4.354000848695056824e-02,4.109410733880483613e-02,6.775014967521524045e-02,6.051050223286239677e-02,-1.424665524363408764e-01,1.034406721404127438e+01,1.036651816104589408e+01,3.754278236419315573e-01
4.000000000000000083e-02,4.328486709404180677e-02,4.138303864828467987e-02,6.803493946336117149e-02,6.098742375811998934e-02,-1.412874216155671214e-01,1.034521310047763976e+01,1.037506108408604710e+01,3.755175550970822895e-01
5.000000000000000278e-02,4.302920608643535927e-02,4.167182686200145841e-02,6.831551413244010829e-02,6.143653845069080299e-02,-1.401038699364290652e-01,1.034661171116970557e+01,1.038381334887971619e+01,3.756083252907924108e-01
5.999999999999999778e-02,4.277316868996980381e-02,4.196043320868175081e-02,6.859189766093252982e-02,6.185730781863609667e-02,-1.389160617035369305e-01,1.034826188472190367e+01,1.039277374352461258e+01,3.757001522742712818e-01
7.000000000000000666e-02,4.251689759042229927e-02,4.224881750574002726e-02,6.886411458152663645e-02,6.224925041489107885e-02,-1.377241646329795122e-01,1.035016242398923225e+01,1.040194101741021093e+01,3.757930514951183798e-01
8.000000000000000167e-02,4.226053462792317417e-02,4.253693817528588633e-02,6.913218999930755004e-02,6.261194262656995246e-02,-1.365283494512593288e-01,1.035231209769867711e+01,1.041131388296890670e+01,3.758870357081484648e-01
8.999999999999999667e-02,4.200422049797705032e-02,4.282475226456743111e-02,6.939614960513425246e-02,6.294501926693436833e-02,-1.353287894904124933e-01,1.035470964223726043e+01,1.042089101758893044e+01,3.759821148892636966e-01
1.000000000000000056e-01,4.174809446103746463e-02,4.311221547080767991e-02,6.965601968412088452e-02,6.324817398868953777e-02,-1.341256602818421406e-01,1.035735376358655202e+01,1.043067106566894076e+01,3.760782961530244606e-01
1.100000000000000006e-01,4.149229406247705726e-02,4.339928217035633751e-02,6.991182711915738812e-02,6.352115953774148394e-02,-1.329191391512828946e-01,1.036024313938287023e+01,1.044065264079367061e+01,3.761755836745949710e-01
1.199999999999999956e-01,4.123695486466605331e-02,4.368590545204724396e-02,7.016359938942323682e-02,6.376378786642381002e-02,-1.317094048171766896e-01,1.036337642108231627e+01,1.045083432800975309e+01,3.762739786167456080e-01
1.300000000000000044e-01,4.098221019272089982e-02,4.397203715461558970e-02,7.041136456386640208e-02,6.397593012453570149e-02,-1.304966369945786409e-01,1.036675223620989428e+01,1.046121468618108530e+01,3.763734790625976045e-01
1.400000000000000133e-01,4.072819089531329317e-02,4.425762790799568636e-02,7.065515128963972824e-02,6.415751654537840687e-02,-1.292810160065315794e-01,1.037036919067237761e+01,1.047179225040332717e+01,3.764740799547809380e-01
1.499999999999999944e-01,4.047502512174209338e-02,4.454262717828577633e-02,7.089498877550716449e-02,6.430853624241944511e-02,-1.280627224046501644e-01,1.037422587111531058e+01,1.048256553445795092e+01,3.765757730416546822e-01
1.600000000000000033e-01,4.022283811626963662e-02,4.482698331613294701e-02,7.113090677025345199e-02,6.442903693032259183e-02,-1.268419366004485682e-01,1.037832084730538895e+01,1.049353303328702225e+01,3.766785468312100482e-01
1.700000000000000122e-01,3.997175203051236275e-02,4.511064360825937231e-02,7.136293553615076501e-02,6.451912458194807021e-02,-1.256188385087307346e-01,1.038265267452060669e+01,1.050469322547103523e+01,3.767823865532344274e-01
1.799999999999999933e-01,3.972188575445925046e-02,4.539355433182119121e-02,7.159110581755892544e-02,6.457896303063530297e-02,-1.243936072041428587e-01,1.038721989593168793e+01,1.051604457569325568e+01,3.768872741302713991e-01
1.900000000000000022e-01,3.947335476647292896e-02,4.567566081126255007e-02,7.181544880475553005e-02,6.460877352471008916e-02,-1.231664205917706034e-01,1.039202104495983470e+01,1.052758553717545809e+01,3.769931881578573174e-01
2.000000000000000111e-01,3.922627100241071751e-02,4.595690747730316744e-02,7.203599609311572838e-02,6.460883423878949205e-02,-1.219374550924498396e-01,1.039705464759704334e+01,1.053931455407125917e+01,3.771001038944593042e-01
2.099999999999999922e-01,3.898074274379188797e-02,4.623723792767431978e-02,7.225277963778259371e-02,6.457947974416226866e-02,-1.207068853432514965e-01,1.040231922467692627e+01,1.055123006380479822e+01,3.772079932614781361e-01
2.200000000000000011e-01,3.873687452473460052e-02,4.651659498920036884e-02,7.246583170398976370e-02,6.452110043835425357e-02,-1.194748839134058549e-01,1.040781329408527789e+01,1.056333049934391433e+01,3.773168248536174496e-01
2.300000000000000100e-01,3.849476705719626080e-02,4.679492078080762368e-02,7.267518481322181312e-02,6.443414193201310591e-02,-1.182416210357464664e-01,1.041353537290127029e+01,1.057561429139849984e+01,3.774265639598534117e-01
2.399999999999999911e-01,3.825451717387456235e-02,4.707215677703154716e-02,7.288087168541733385e-02,6.431910438948952591e-02,-1.170072643535815804e-01,1.041948397946150884e+01,1.058807987053619293e+01,3.775371725951762736e-01
2.500000000000000000e-01,3.801621778796979850e-02,4.734824387158731440e-02,7.308292517744091610e-02,6.417654181799870017e-02,-1.157719786827492436e-01,1.042565763534063095e+01,1.060072566920883652e+01,3.776486095432038392e-01
2.600000000000000089e-01,3.777995786886877150e-02,4.762312244056717686e-02,7.328137821807180485e-02,6.400706129902851427e-02,-1.145359257884724924e-01,1.043205486724347431e+01,1.061355012368463768e+01,3.777608304097074265e-01
2.700000000000000178e-01,3.754582243269319330e-02,4.789673240483085376e-02,7.347626373977560188e-02,6.381132215473360458e-02,-1.132992641765104419e-01,1.043867420880509300e+01,1.062655167588209970e+01,3.778737876870193468e-01
2.800000000000000266e-01,3.731389254655792520e-02,4.816901329116358293e-02,7.366761460754513158e-02,6.359003504142007879e-02,-1.120621488980002162e-01,1.044551420229603522e+01,1.063972877510297899e+01,3.779874308292306417e-01
2.899999999999999800e-01,3.708424534530998379e-02,4.843990429178894608e-02,7.385546354511512979e-02,6.334396096187808189e-02,-1.108247313672996032e-01,1.045257340023146497e+01,1.065307987966265202e+01,3.781017063380231469e-01
2.999999999999999889e-01,3.685695405946560338e-02,4.870934432184107626e-02,7.403984305887188755e-02,6.307391018824688722e-02,-1.095871591920737353e-01,1.045985036688355407e+01,1.066660345841716051e+01,3.782165578589175570e-01
3.099999999999999978e-01,3.663208805303116294e-02,4.897727207442281738e-02,7.422078535979641234e-02,6.278074108727865754e-02,-1.083495760148200232e-01,1.046734367969758139e+01,1.068029799218717635e+01,3.783319262876613798e-01
3.200000000000000067e-01,3.640971286988315542e-02,4.924362607290237726e-02,7.439832228379361645e-02,6.246535884028790730e-02,-1.071121213649940118e-01,1.047505193061284601e+01,1.069416197507977984e+01,3.784477498864187162e-01
3.300000000000000155e-01,3.618989028738936464e-02,4.950834472013074944e-02,7.457248521077400327e-02,6.212871405069374242e-02,-1.058749305208791236e-01,1.048297372729021326e+01,1.070819391570972456e+01,3.785639644093671263e-01
3.400000000000000244e-01,3.597267837598138590e-02,4.977136634429542295e-02,7.474330498286720081e-02,6.177180123287245861e-02,-1.046381343803433756e-01,1.049110769424866518e+01,1.072239233832229921e+01,3.786805032372527191e-01
3.500000000000000333e-01,3.575813156342994015e-02,5.003262924116223115e-02,7.491081182215640621e-02,6.139565717698765301e-02,-1.034018593396351660e-01,1.049945247391373471e+01,1.073675578382053786e+01,3.787972975203974801e-01
3.599999999999999867e-01,3.554630070263161551e-02,5.029207171249444608e-02,7.507503524833246400e-02,6.100135918554376591e-02,-1.021662271793925825e-01,1.050800672758106913e+01,1.075128281069975067e+01,3.789142763295994532e-01
3.699999999999999956e-01,3.533723314178562752e-02,5.054963210047933031e-02,7.523600399667340621e-02,6.059002317857271197e-02,-1.009313549570745872e-01,1.051676913629864174e+01,1.076597199589273401e+01,3.790313668143167614e-01
3.800000000000000044e-01,3.513097279591863992e-02,5.080524881803200055e-02,7.539374593676061165e-02,6.016280166559287435e-02,-9.969735490506362319e-02,1.052573840167143437e+01,1.078082193552927137e+01,3.791484943674750530e-01
3.900000000000000133e-01,3.492756021880393663e-02,5.105886037488809037e-02,7.554828799234640513e-02,5.972088158374527778e-02,-9.846433433373924515e-02,1.053491324659252193e+01,1.079583124561362162e+01,3.792655827961883830e-01
4.000000000000000222e-01,3.472703267441648589e-02,5.131040539943686890e-02,7.569965606278976356e-02,5.926548200278787537e-02,-9.723239553887834397e-02,1.054429241590453081e+01,1.081099856262378545e+01,3.793825544976411335e-01
4.100000000000000311e-01,3.452942420716427485e-02,5.155982265628654415e-02,7.584787494647594885e-02,5.879785169890006102e-02,-9.600163571279825281e-02,1.055387467699558179e+01,1.082632254403643479e+01,3.794993306393312782e-01
4.199999999999999845e-01,3.433476571023789253e-02,5.180705105959002021e-02,7.599296826663383408e-02,5.831926660048986771e-02,-9.477214685872270561e-02,1.056365882033375492e+01,1.084180186878135821e+01,3.796158313428369957e-01
4.299999999999999933e-01,3.414308499152435977e-02,5.205202968219608400e-02,7.613495839995994274e-02,5.783102711039703192e-02,-9.354401570791834319e-02,1.057364365994398803e+01,1.085743523762909746e+01,3.797319758702321080e-01
4.400000000000000022e-01,3.395440683663213804e-02,5.229469776072238202e-02,7.627386640845236487e-02,5.733445531002965417e-02,-9.231732363921563156e-02,1.058382803383129733e+01,1.087322137351550921e+01,3.798476828122412940e-01
4.500000000000000111e-01,3.376875306867557769e-02,5.253499469667602395e-02,7.640971197484806854e-02,5.683089205205526379e-02,-9.109214660059619662e-02,1.059421080435408413e+01,1.088915902180677975e+01,3.799628702771984390e-01
4.600000000000000200e-01,3.358614260456395384e-02,5.277286005377349043e-02,7.654251334204789647e-02,5.632169394927929312e-02,-8.986855503259497113e-02,1.060479085855092585e+01,1.090524695050813087e+01,3.800774560798495516e-01
4.700000000000000289e-01,3.340659150763288648e-02,5.300823355163192252e-02,7.667228725689950730e-02,5.580823026828264644e-02,-8.864661379332983149e-02,1.061556710842436679e+01,1.092148395041955666e+01,3.801913579290221445e-01
4.799999999999999822e-01,3.323011303654502951e-02,5.324105505602314686e-02,7.679904891869566985e-02,5.529187973725773614e-02,-8.742638208503331065e-02,1.062653849118471605e+01,1.093786883524141196e+01,3.803044936131751985e-01
4.899999999999999911e-01,3.305671769046758524e-02,5.347126456589342686e-02,7.692281193272690332e-02,5.477402727827630075e-02,-8.620791338201969078e-02,1.063770396945676389e+01,1.095440044163262350e+01,3.804167811828366164e-01
5.000000000000000000e-01,3.288641325061190251e-02,5.369880219736274107e-02,7.704358826921176018e-02,5.425606067494254114e-02,-8.499125536007570703e-02,1.064906253145213455e+01,1.097107762922409258e+01,3.805281391289427328e-01
5.100000000000000089e-01,3.271920481828832772e-02,5.392360816492276082e-02,7.716138822790449825e-02,5.373936718704766524e-02,-8.377644982731309586e-02,1.066061319110964156e+01,1.098789928058951837e+01,3.806384865561020514e-01
5.200000000000000178e-01,3.255509484969301010e-02,5.414562276005567554e-02,7.727622040866215236e-02,5.322533012443422806e-02,-8.256353265656950213e-02,1.067235498820584461e+01,1.100486430117574166e+01,3.807477433498291375e-01
5.300000000000000266e-01,3.239408318769917972e-02,5.436478632749553591e-02,7.738809168822638473e-02,5.271532539282103996e-02,-8.135253371948394929e-02,1.068428698843774960e+01,1.102197161919443680e+01,3.808558303368200226e-01
5.400000000000000355e-01,3.223616709097255201e-02,5.458103923935146706e-02,7.749700720345169269e-02,5.221071802482486757e-02,-8.014347682241278192e-02,1.069640828347940165e+01,1.103922018547682704e+01,3.809626694373798306e-01
5.500000000000000444e-01,3.208134126077458181e-02,5.479432186730835014e-02,7.760297034118573967e-02,5.171285870985379424e-02,-7.893637964438426913e-02,1.070871799101385591e+01,1.105660897329286207e+01,3.810681838091569684e-01
5.600000000000000533e-01,3.192959786585081866e-02,5.500457455311460325e-02,7.770598273497834885e-02,5.122308033693675350e-02,-7.773125367732011681e-02,1.072121525474190129e+01,1.107413697813616693e+01,3.811722979813937373e-01
5.700000000000000622e-01,3.178092656583123704e-02,5.521173757756263345e-02,7.780604426876772117e-02,5.074269456489473307e-02,-7.652810416877714461e-02,1.073389924436867737e+01,1.109180321747591336e+01,3.812749379789637239e-01
5.799999999999999600e-01,3.163531453359148121e-02,5.541575112816164023e-02,7.790315308766164459e-02,5.027298843455142718e-02,-7.532693006748533704e-02,1.074676915556925927e+01,1.110960673047668301e+01,3.813760314355383318e-01
5.899999999999999689e-01,3.149274647704181779e-02,5.561655526569849600e-02,7.799730561589916789e-02,4.981522103791075767e-02,-7.412772397197767149e-02,1.075982420993408972e+01,1.112754657768725686e+01,3.814755076952966450e-01
5.999999999999999778e-01,3.135320466082084506e-02,5.581408988988086073e-02,7.808849658204686239e-02,4.937062025939921439e-02,-7.293047208262386227e-02,1.077306365489521767e+01,1.114562184069932549e+01,3.815732979026812965e-01
6.099999999999999867e-01,3.121666892837841878e-02,5.600829470425524453e-02,7.817671905145032185e-02,4.894037960435580065e-02,-7.173515415739546708e-02,1.078648676363403425e+01,1.116383162177693755e+01,3.816693350797850659e-01
6.199999999999999956e-01,3.108311672493307282e-02,5.619910918059572991e-02,7.826196446592502409e-02,4.852565512994905239e-02,-7.054174347170275028e-02,1.080009283497150641e+01,1.118217504345781244e+01,3.817635541910502917e-01
6.300000000000000044e-01,3.095252312178704487e-02,5.638647252296272172e-02,7.834422269063945343e-02,4.812756249358229876e-02,-6.935020678265738092e-02,1.081388119324162211e+01,1.120065124812736812e+01,3.818558921950538920e-01
6.400000000000000133e-01,3.082486084247498467e-02,5.657032363163913558e-02,7.842348206810383082e-02,4.774717413359715057e-02,-6.816050429812522959e-02,1.082785118814909886e+01,1.121925939756677693e+01,3.819462880832520391e-01
6.500000000000000222e-01,3.070010029121215608e-02,5.675060106716062897e-02,7.849972947914453381e-02,4.738551659668152616e-02,-6.697258965094719796e-02,1.084200219461233239e+01,1.123799867247620732e+01,3.820346829056548987e-01
6.600000000000000311e-01,3.057820958409391415e-02,5.692724301466831061e-02,7.857295041070674890e-02,4.704356802580668406e-02,-6.578640987871700596e-02,1.085633361259286289e+01,1.125686827197485940e+01,3.821210197835014366e-01
6.700000000000000400e-01,3.045915458348147364e-02,5.710018724882674757e-02,7.864312903029192781e-02,4.672225582173346325e-02,-6.460190540951832316e-02,1.087084486691261453e+01,1.127586741307937501e+01,3.822052439091009335e-01
6.800000000000000488e-01,3.034289893598958801e-02,5.726937109956398153e-02,7.871024826679959285e-02,4.642245449013113201e-02,-6.341901005403678682e-02,1.088553540706057277e+01,1.129499533016267243e+01,3.822873025331020580e-01
6.900000000000000577e-01,3.022940411446843958e-02,5.743473141890799438e-02,7.877428989750825949e-02,4.614498368511258525e-02,-6.223765100447732623e-02,1.090040470699056030e+01,1.131425127439527500e+01,3.823671449395444899e-01
7.000000000000000666e-01,3.011862946434881033e-02,5.759620454920736515e-02,7.883523464089361998e-02,4.589060645850683018e-02,-6.105774884073379705e-02,1.091545226491218479e+01,1.133363451317172199e+01,3.824447224091320208e-01
7.099999999999999645e-01,3.001053225469155553e-02,5.775372629304176275e-02,7.889306225494800706e-02,4.566002772245944530e-02,-5.987921754427420751e-02,1.093067760307706493e+01,1.135314432952471364e+01,3.825199881712509353e-01
7.199999999999999734e-01,2.990506773425416140e-02,5.790723188514031172e-02,7.894775164063159989e-02,4.545389293096704919e-02,-5.870196452022317934e-02,1.094608026756280594e+01,1.137278002153001211e+01,3.825928973453342485e-01
7.299999999999999822e-01,2.980218919285711893e-02,5.805665596663997507e-02,7.899928095005387396e-02,4.527278698374861965e-02,-5.752589062814401910e-02,1.096165982805730899e+01,1.139254090170539513e+01,3.826634068722420401e-01
7.399999999999999911e-01,2.970184802829954965e-02,5.820193256202679105e-02,7.904762769895337660e-02,4.511723335343847258e-02,-5.635089022204158027e-02,1.097741587764617499e+01,1.141242629640709083e+01,3.827314754363939642e-01
7.500000000000000000e-01,2.960399381904142008e-02,5.834299505911289679e-02,7.909276888301521036e-02,4.498769343451049924e-02,-5.517685120012918304e-02,1.099334803260611260e+01,1.143243554522741690e+01,3.827970633794477440e-01
7.600000000000000089e-01,2.950857440283429639e-02,5.847977619241149366e-02,7.913468109754072388e-02,4.488456610964650789e-02,-5.400365506492306455e-02,1.100945593220736107e+01,1.145256800039740597e+01,3.828601326063688082e-01
7.700000000000000178e-01,2.941553596144679678e-02,5.861220803028040910e-02,7.917334065996019243e-02,4.480818752651902909e-02,-5.283117699425001618e-02,1.102573923852813387e+01,1.147282302619838390e+01,3.829206464847816904e-01
7.800000000000000266e-01,2.932482311159516353e-02,5.874022196621560277e-02,7.920872373466053551e-02,4.475883107523313809e-02,-5.165928592377316830e-02,1.104219763628409900e+01,1.149319999838639816e+01,3.829785697385335030e-01
7.900000000000000355e-01,2.923637900215147675e-02,5.886374871468857961e-02,7.924080645958229974e-02,4.473670755404882127e-02,-5.048784464166020808e-02,1.105883083267585221e+01,1.151369830363351099e+01,3.830338683364322705e-01
8.000000000000000444e-01,2.915014541766569600e-02,5.898271831194065035e-02,7.926956507402958818e-02,4.474196550857517662e-02,-4.931670989603541277e-02,1.107563855725711299e+01,1.153431733898969469e+01,3.830865093771511076e-01
8.100000000000000533e-01,2.906606288819911857e-02,5.909706012217281340e-02,7.929497604712777703e-02,4.477469172747648024e-02,-4.814573251587086350e-02,1.109262056182623368e+01,1.155505651136906486e+01,3.831364609713133751e-01
8.200000000000000622e-01,2.898407080543063952e-02,5.920670284960667662e-02,7.931701620635972505e-02,4.483491187594926264e-02,-4.697475754598307018e-02,1.110977662034325775e+01,1.157591523706382475e+01,3.831836921217910419e-01
8.300000000000000711e-01,2.890410754495972498e-02,5.931157455694253955e-02,7.933566286561240244e-02,4.492259124690220484e-02,-4.580362439680791403e-02,1.112710652887448859e+01,1.159689294128910220e+01,3.832281726032640279e-01
8.399999999999999689e-01,2.882611059469348744e-02,5.941160269080694722e-02,7.935089395217248542e-02,4.503763560897323243e-02,-4.463216700962781974e-02,1.114461010556602183e+01,1.161798905776137225e+01,3.832698728420992906e-01
8.499999999999999778e-01,2.875001668917131700e-02,5.950671411487028217e-02,7.936268813211783124e-02,4.517989213030734058e-02,-4.346021403791995585e-02,1.116228719064733177e+01,1.163920302831285625e+01,3.833087637976142492e-01
8.599999999999999867e-01,2.867576194964457925e-02,5.959683515142147336e-02,7.937102493356823496e-02,4.534915035743983247e-02,-4.228758904548313158e-02,1.118013764646541652e+01,1.166053430254372003e+01,3.833448168457939120e-01
8.699999999999999956e-01,2.860328202969822028e-02,5.968189163232149458e-02,7.937588486727889525e-02,4.554514322970110163e-02,-4.111411072198124794e-02,1.119816135754955155e+01,1.168198233751351367e+01,3.833780036665309088e-01
8.800000000000000044e-01,2.853251226616835418e-02,5.976180896041435181e-02,7.937724954408202638e-02,4.576754811128340428e-02,-3.993959311651240629e-02,1.121635823070607074e+01,1.170354659747263071e+01,3.834082961354516317e-01
8.900000000000000133e-01,2.846338783508250980e-02,5.983651218265605837e-02,7.937510178871136357e-02,4.601598782545063271e-02,-3.876384588977584839e-02,1.123472819514212873e+01,1.172522655363421507e+01,3.834356662213845857e-01
9.000000000000000222e-01,2.839584391232062230e-02,5.990592607642877127e-02,7.936942574957561725e-02,4.629003167828554810e-02,-3.758667458536045503e-02,1.125327120261674985e+01,1.174702168398624380e+01,3.834600858905097276e-01
9.100000000000000311e-01,2.832981583867128644e-02,5.996997525073199942e-02,7.936020700407867001e-02,4.658919646276926674e-02,-3.640788092062122866e-02,1.127198722761707650e+01,1.176893147314320842e+01,3.834815270182071467e-01
9.200000000000000400e-01,2.826523928893362805e-02,6.002858426418279658e-02,7.934743265912298782e-02,4.691294743778073872e-02,-3.522726309753926310e-02,1.129087626755712570e+01,1.179095541223616372e+01,3.834999613095930182e-01
9.300000000000000488e-01,2.820205044469578301e-02,6.008167776200348115e-02,7.933109144646881272e-02,4.726069928066525816e-02,-3.404461613388135716e-02,1.130993834299599854e+01,1.181309299883970354e+01,3.835153602296882402e-01
9.400000000000000577e-01,2.814018617040242934e-02,6.012918063441968081e-02,7.931117381265842536e-02,4.763181701621962971e-02,-3.285973221488165674e-02,1.132917349787209815e+01,1.183534373693383124e+01,3.835276949441180361e-01
9.500000000000000666e-01,2.807958419230668565e-02,6.017101819912164251e-02,7.928767200325440023e-02,4.802561692913245167e-02,-3.167240106556588886e-02,1.134858179974957970e+01,1.185770713689862532e+01,3.835369362711701924e-01
9.599999999999999645e-01,2.802018327988857124e-02,6.020711641064165065e-02,7.926058014117570716e-02,4.844136747095192236e-02,-3.048241034372183370e-02,1.136816334007303730e+01,1.188018271553918837e+01,3.835430546459639434e-01
9.699999999999999734e-01,2.796192342930899424e-02,6.023740209965708359e-02,7.922989429894929103e-02,4.887829017638422452e-02,-2.928954605339543354e-02,1.138791823442625706e+01,1.190276999613832665e+01,3.835460200973828671e-01
9.799999999999999822e-01,2.790474604845731565e-02,6.026180324532146720e-02,7.919561256472755495e-02,4.933556060701623641e-02,-2.809359297865641689e-02,1.140784662279076578e+01,1.192546850853422846e+01,3.835458022383096965e-01
9.899999999999999911e-01,2.784859414314073967e-02,6.028024928373694469e-02,7.915773510194913654e-02,4.981230934327209037e-02,-2.689433513723076680e-02,1.142794866979988555e+01,1.194827778922042505e+01,3.835423702695693882e-01
1.000000000000000000e+00,2.779341250395480842e-02,6.029267145559060598e-02,7.911626420254441738e-02,5.030762304746017738e-02,-2.569155625344583110e-02,1.144822456498410546e+01,1.197119738146541401e+01,3.835356929978320228e-01
1.010000000000000009e+00,2.773914789336591469e-02,6.029900319576384643e-02,7.907120433360749490e-02,5.082054562204010167e-02,-2.448504024977181739e-02,1.146867452300357115e+01,1.199422683544925405e+01,3.835257388675542001e-01
1.020000000000000018e+00,2.768574923252856840e-02,6.029918056736816717e-02,7.902256217747054279e-02,5.135007948769598762e-02,-2.327457175607641066e-02,1.148929878386379322e+01,1.201736570841476137e+01,3.835124760068486793e-01
1.030000000000000027e+00,2.763316778735156604e-02,6.029314274214740699e-02,7.897034666512924017e-02,5.189518700539317436e-02,-2.205993663553815903e-02,1.151009761311077995e+01,1.204061356483097001e+01,3.834958722869625802e-01
1.040000000000000036e+00,2.758135735331886107e-02,6.028083252849549684e-02,7.891456900297172394e-02,5.245479206532768779e-02,-2.084092252598652648e-02,1.153107130200211472e+01,1.206396997656680092e+01,3.834758953948234073e-01
1.050000000000000044e+00,2.753027443856117390e-02,6.026219694746273725e-02,7.885524269277000009e-02,5.302778186356879586e-02,-1.961731939525965945e-02,1.155222016765064907e+01,1.208743452307296451e+01,3.834525129178790182e-01
1.060000000000000053e+00,2.747987844466318400e-02,6.023718785605252507e-02,7.879238354489133400e-02,5.361300888429811062e-02,-1.838892010898957735e-02,1.157354455313793373e+01,1.211100679157051196e+01,3.834256924402231204e-01
1.070000000000000062e+00,2.743013184468090504e-02,6.020576261584367067e-02,7.872600968468564109e-02,5.420929310194861489e-02,-1.715552100904435898e-02,1.159504482759462718e+01,1.213468637724450261e+01,3.833954016487544636e-01
1.080000000000000071e+00,2.738100035782882816e-02,6.016788480351451668e-02,7.865614155200439939e-02,5.481542441333291105e-02,-1.591692250067720457e-02,1.161672138624544282e+01,1.215847288344140686e+01,3.833616084478910779e-01
1.090000000000000080e+00,2.733245312028394908e-02,6.012352495820857956e-02,7.858280189380342784e-02,5.543016530515845058e-02,-1.467292964625395782e-02,1.163857465041653327e+01,1.218236592186918088e+01,3.833242810811417489e-01
1.100000000000000089e+00,2.728446285153690240e-02,6.007266135888317260e-02,7.850601574978427477e-02,5.605225375728171977e-02,-1.342335276325550865e-02,1.166060506750338277e+01,1.220636511279890790e+01,3.832833882576381912e-01
1.110000000000000098e+00,2.723700601570427232e-02,6.001528082285553095e-02,7.842581043103132032e-02,5.668040637680864247e-02,-1.216800802407930725e-02,1.168281311089749686e+01,1.223047008526705071e+01,3.832388992815701778e-01
1.120000000000000107e+00,2.719006297719862159e-02,5.995137951474106136e-02,7.834221549161114739e-02,5.731332175285659691e-02,-1.090671805499779032e-02,1.170519927987049691e+01,1.225468047727746068e+01,3.831907841823325445e-01
1.130000000000000115e+00,2.714361815013497173e-02,5.988096375290869605e-02,7.825526269311509908e-02,5.794968401660325480e-02,-9.639312531469759401e-03,1.172776409941434395e+01,1.227899593600224293e+01,3.831390138431177150e-01
1.140000000000000124e+00,2.709766014083427391e-02,5.980405079851948413e-02,7.816498596214627170e-02,5.858816658631491731e-02,-8.365628766846055359e-03,1.175050812003658329e+01,1.230341611798059986e+01,3.830835601256558087e-01
1.150000000000000133e+00,2.705218188276698604e-02,5.972066961022440973e-02,7.807142134078222384e-02,5.922743607250404579e-02,-7.085512291366181589e-03,1.177343191750985518e+01,1.232794068931487175e+01,3.830243959888429695e-01
1.159999999999999920e+00,2.700718076326377032e-02,5.963086154574562259e-02,7.797460693007872423e-02,5.986615631434502593e-02,-5.798817418205075118e-03,1.179653609257487368e+01,1.235256932586275447e+01,3.829614955990983671e-01
1.169999999999999929e+00,2.696265874130574294e-02,5.953468098993108110e-02,7.787458282672685139e-02,6.050299251507978981e-02,-4.505407793206767965e-03,1.181982127059647603e+01,1.237730171342485086e+01,3.828948344304639595e-01
1.179999999999999938e+00,2.691862245569387121e-02,5.943219588752988308e-02,7.777139105302420530e-02,6.113661544146272581e-02,-3.205156924832005920e-03,1.184328810117252750e+01,1.240213754792666201e+01,3.828243893527074060e-01
1.189999999999999947e+00,2.687508332288868554e-02,5.932348815796579383e-02,7.766507548038087405e-02,6.176570565038898980e-02,-1.897948690755082903e-03,1.186693725769563024e+01,1.242707653559399184e+01,3.827501387060073257e-01
1.199999999999999956e+00,2.683205762380575995e-02,5.920865396887762394e-02,7.755568174664206893e-02,6.238895770475899605e-02,-5.836778174737572000e-04,1.189076943686801968e+01,1.245211839312101887e+01,3.826720623611915562e-01
1.209999999999999964e+00,2.678956657885065568e-02,5.908780384521164497e-02,7.744325716757624600e-02,6.300508434037138672e-02,7.377496707514225038e-04,1.191478535817027584e+01,1.247726284783013639e+01,3.825901417649549274e-01
1.219999999999999973e+00,2.674763641048176488e-02,5.896106259127975591e-02,7.732785064294404875e-02,6.361282054619295245e-02,2.066416037331957143e-03,1.193898576328495231e+01,1.250250963782295344e+01,3.825043599700011510e-01
1.229999999999999982e+00,2.670629839259748561e-02,5.882856900449087711e-02,7.720951255762775745e-02,6.421092752169042794e-02,3.402391456852226024e-03,1.196337141547655492e+01,1.252785851212192192e+01,3.824147016506142527e-01
1.239999999999999991e+00,2.666558888605942076e-02,5.869047536148063599e-02,7.708829467836528226e-02,6.479819647697031282e-02,4.745733680280656702e-03,1.198794309892995535e+01,1.255330923080235372e+01,3.823211531047734368e-01
1.250000000000000000e+00,2.662554935968390254e-02,5.854694666014247095e-02,7.696425004668359937e-02,6.537345224418461553e-02,6.096487745449117625e-03,1.201270161804973569e+01,1.257886156511482056e+01,3.822237022445434951e-01
1.260000000000000009e+00,2.658622639606095586e-02,5.839815960462155925e-02,7.683743286867403266e-02,6.593555667192185776e-02,7.454685736228772348e-03,1.203764779672360064e+01,1.260451529759822265e+01,3.821223385771104764e-01
1.270000000000000018e+00,2.654767168159222201e-02,5.824430132467908749e-02,7.670789840228187106e-02,6.648341177801961321e-02,8.820346593655051942e-03,1.206278247755368227e+01,1.263027022218434325e+01,3.820170531794490620e-01
1.280000000000000027e+00,2.650994198017924547e-02,5.808556782593802398e-02,7.657570284280176831e-02,6.701596264029212324e-02,1.019347598203064302e-02,1.208810652106002870e+01,1.265612614429482718e+01,3.819078386701996730e-01
1.290000000000000036e+00,2.647309909003760231e-02,5.792216217335108275e-02,7.644090320726884547e-02,6.753220000893918329e-02,1.157406621276231562e-02,1.211362080486150461e+01,1.268208288093227587e+01,3.817946891828771783e-01
1.300000000000000044e+00,2.643720978316225698e-02,5.775429241670244906e-02,7.630355721841826366e-02,6.803116262879237153e-02,1.296209622836523058e-02,1.213932622283966367e+01,1.270814026076726222e+01,3.816776003450033650e-01
1.310000000000000053e+00,2.640234572702560012e-02,5.758216927398752266e-02,7.616372318884630233e-02,6.851193926393103761e-02,1.435753164869602895e-02,1.216522368429204271e+01,1.273429812422374852e+01,3.815565692681439081e-01
1.320000000000000062e+00,2.636858338814809452e-02,5.740600359596829266e-02,7.602145990595020331e-02,6.897367042146948513e-02,1.576032488105951271e-02,1.219131411308176105e+01,1.276055632356566605e+01,3.814315945541113528e-01
1.330000000000000071e+00,2.633600391724573789e-02,5.722600364294076758e-02,7.587682651814314783e-02,6.941554977538547111e-02,1.717041529537459768e-02,1.221759844679090712e+01,1.278691472298782017e+01,3.813026763227538862e-01
1.340000000000000080e+00,2.630469301572458882e-02,5.704237221259354090e-02,7.572988242274752979e-02,6.983682529503262848e-02,1.858772946508847196e-02,1.224407763588565068e+01,1.281337319871470370e+01,3.811698162667760403e-01
1.350000000000000089e+00,2.627474078336181768e-02,5.685530366558626258e-02,7.558068715585654351e-02,7.023680008641038086e-02,2.001218147400317046e-02,1.227075264290136225e+01,1.283993163911092239e+01,3.810330177389132933e-01
1.360000000000000098e+00,2.624624154708390250e-02,5.666498090292034634e-02,7.542930028432782985e-02,7.061483295727456755e-02,2.144367328863084482e-02,1.229762444165635671e+01,1.286658994480735174e+01,3.808922858765042552e-01
1.370000000000000107e+00,2.621929367082449433e-02,5.647157235607593029e-02,7.527578129994010048e-02,7.097033871975516606e-02,2.288209519513420553e-02,1.232469401650303453e+01,1.289334802884715714e+01,3.807476277680622023e-01
1.380000000000000115e+00,2.619399934651789677e-02,5.627522905701168310e-02,7.512018951560038571e-02,7.130278824625076173e-02,2.432732629934604082e-02,1.235196236162518879e+01,1.292020581685588709e+01,3.805990526658453166e-01
1.390000000000000124e+00,2.617046436635629345e-02,5.607608186022117192e-02,7.496258396335134244e-02,7.161170829601784527e-02,2.577923508780635697e-02,1.237943048039036498e+01,1.294716324723994205e+01,3.804465722476605971e-01
1.400000000000000133e+00,2.614879787651284287e-02,5.587423889287117251e-02,7.480302329379048820e-02,7.189668113105010527e-02,2.723768004721896507e-02,1.240709938476576291e+01,1.297422027141749012e+01,3.802902009302148167e-01
1.409999999999999920e+00,2.612911211260450853e-02,5.566978331138525832e-02,7.464156567638763340e-02,7.215734394058660739e-02,2.870251033922047168e-02,1.243497009480610771e+01,1.300137685408584609e+01,3.801299562352644101e-01
1.419999999999999929e+00,2.611152211724044811e-02,5.546277144347634691e-02,7.447826870007843991e-02,7.239338809392185936e-02,3.017356652688345589e-02,1.246304363822135386e+01,1.302863297352897831e+01,3.799658592086214148e-01
1.429999999999999938e+00,2.609614544007361758e-02,5.525323139338996631e-02,7.431318927342366043e-02,7.260455824115320811e-02,3.165068134895101387e-02,1.249132105003170601e+01,1.305598862196860921e+01,3.797979348907705166e-01
1.439999999999999947e+00,2.608310182084365089e-02,5.504116218486708456e-02,7.414638352356241191e-02,7.279065128114739491e-02,3.313368053742920399e-02,1.251980337231674945e+01,1.308344380596180478e+01,3.796262128364609190e-01
1.449999999999999956e+00,2.607251285596942636e-02,5.482653351097162980e-02,7.397790669316120504e-02,7.295151521537705797e-02,3.462238367385053056e-02,1.254849165406492340e+01,1.311099854684774613e+01,3.794507276791872497e-01
1.459999999999999964e+00,2.606450164932184316e-02,5.460928615242188755e-02,7.380781303456550313e-02,7.308704790543468777e-02,3.611660507927440950e-02,1.257738695112867866e+01,1.313865288124560848e+01,3.792715197349937339e-01
1.469999999999999973e+00,2.605919244787793104e-02,5.438933311644141011e-02,7.363615570041054381e-02,7.319719575101864273e-02,3.761615473290528394e-02,1.260649032628994171e+01,1.316640686160512352e+01,3.790886356385613221e-01
1.479999999999999982e+00,2.605671026303013615e-02,5.416656153649489908e-02,7.346298663003507368e-02,7.328195230406285565e-02,3.912083921409022225e-02,1.263580284943959242e+01,1.319426055681071652e+01,3.789021290031009959e-01
1.489999999999999991e+00,2.605718047840085289e-02,5.394083535975607163e-02,7.328835643117544152e-02,7.334135683349257695e-02,4.063046266240229881e-02,1.266532559787376400e+01,1.322221405283953111e+01,3.787120610942187882e-01
1.500000000000000000e+00,2.606072844508808620e-02,5.371199883399961628e-02,7.311231425659271699e-02,7.337549285388395015e-02,4.214482775051855284e-02,1.269505965670873415e+01,1.325026745347292767e+01,3.785185015066768743e-01
