Re_parent,m,ell_grad_over_delta,tau_diff_ell_over_tau_nl,Re_sub_if_parent_amplitude,Re_target_next,required_vorticity_amplitude_boost,log_boost
1.000000000000000000e+00,1.000000000000000000e+00,1.000000000000000000e+00,1.000000000000000000e+00,1.000000000000000000e+00,1.000000000000000000e+00,1.000000000000000000e+00,0.000000000000000000e+00
1.000000000000000000e+00,2.000000000000000000e+00,1.000000000000000000e+00,1.000000000000000000e+00,1.000000000000000000e+00,2.000000000000000000e+00,2.000000000000000000e+00,6.931471805599452862e-01
1.000000000000000000e+00,4.000000000000000000e+00,1.000000000000000000e+00,1.000000000000000000e+00,1.000000000000000000e+00,4.000000000000000000e+00,4.000000000000000000e+00,1.386294361119890572e+00
1.122018454301963342e+00,1.000000000000000000e+00,8.912509381337455627e-01,8.912509381337455627e-01,8.912509381337455627e-01,1.122018454301963342e+00,1.258925411794167060e+00,2.302585092994044458e-01
1.122018454301963342e+00,2.000000000000000000e+00,8.912509381337455627e-01,8.912509381337455627e-01,8.912509381337455627e-01,2.244036908603926683e+00,2.517850823588334119e+00,9.234056898593497875e-01
1.122018454301963342e+00,4.000000000000000000e+00,8.912509381337455627e-01,8.912509381337455627e-01,8.912509381337455627e-01,4.488073817207853367e+00,5.035701647176668239e+00,1.616552870419295074e+00
1.258925411794167282e+00,1.000000000000000000e+00,7.943282347242814900e-01,7.943282347242814900e-01,7.943282347242814900e-01,1.258925411794167282e+00,1.584893192461113598e+00,4.605170185988092246e-01
1.258925411794167282e+00,2.000000000000000000e+00,7.943282347242814900e-01,7.943282347242814900e-01,7.943282347242814900e-01,2.517850823588334563e+00,3.169786384922227196e+00,1.153664199158754622e+00
1.258925411794167282e+00,4.000000000000000000e+00,7.943282347242814900e-01,7.943282347242814900e-01,7.943282347242814900e-01,5.035701647176669127e+00,6.339572769844454392e+00,1.846811379718699797e+00
1.412537544622754382e+00,1.000000000000000000e+00,7.079457843841379105e-01,7.079457843841379105e-01,7.079457843841379105e-01,1.412537544622754382e+00,1.995262314968879735e+00,6.907755278982137259e-01
1.412537544622754382e+00,2.000000000000000000e+00,7.079457843841379105e-01,7.079457843841379105e-01,7.079457843841379105e-01,2.825075089245508764e+00,3.990524629937759471e+00,1.383922708458159123e+00
1.412537544622754382e+00,4.000000000000000000e+00,7.079457843841379105e-01,7.079457843841379105e-01,7.079457843841379105e-01,5.650150178491017527e+00,7.981049259875518942e+00,2.077069889018104298e+00
1.584893192461113598e+00,1.000000000000000000e+00,6.309573444801932496e-01,6.309573444801932496e-01,6.309573444801932496e-01,1.584893192461113598e+00,2.511886431509580131e+00,9.210340371976182272e-01
1.584893192461113598e+00,2.000000000000000000e+00,6.309573444801932496e-01,6.309573444801932496e-01,6.309573444801932496e-01,3.169786384922227196e+00,5.023772863019160262e+00,1.614181217757563624e+00
1.584893192461113598e+00,4.000000000000000000e+00,6.309573444801932496e-01,6.309573444801932496e-01,6.309573444801932496e-01,6.339572769844454392e+00,1.004754572603832052e+01,2.307328398317508800e+00
1.778279410038922759e+00,1.000000000000000000e+00,5.623413251903490728e-01,5.623413251903490728e-01,5.623413251903490728e-01,1.778279410038922759e+00,3.162277660168379079e+00,1.151292546497022729e+00
1.778279410038922759e+00,2.000000000000000000e+00,5.623413251903490728e-01,5.623413251903490728e-01,5.623413251903490728e-01,3.556558820077845517e+00,6.324555320336758157e+00,1.844439727056968126e+00
1.778279410038922759e+00,4.000000000000000000e+00,5.623413251903490728e-01,5.623413251903490728e-01,5.623413251903490728e-01,7.113117640155691035e+00,1.264911064067351631e+01,2.537586907616913301e+00
1.995262314968879735e+00,1.000000000000000000e+00,5.011872336272722439e-01,5.011872336272722439e-01,5.011872336272722439e-01,1.995262314968879735e+00,3.981071705534973137e+00,1.381551055796427674e+00
1.995262314968879735e+00,2.000000000000000000e+00,5.011872336272722439e-01,5.011872336272722439e-01,5.011872336272722439e-01,3.990524629937759471e+00,7.962143411069946275e+00,2.074698236356372849e+00
1.995262314968879735e+00,4.000000000000000000e+00,5.011872336272722439e-01,5.011872336272722439e-01,5.011872336272722439e-01,7.981049259875518942e+00,1.592428682213989255e+01,2.767845416916318246e+00
2.238721138568339875e+00,1.000000000000000000e+00,4.466835921509630936e-01,4.466835921509630936e-01,4.466835921509630936e-01,2.238721138568339875e+00,5.011872336272723771e+00,1.611809565095832175e+00
2.238721138568339875e+00,2.000000000000000000e+00,4.466835921509630936e-01,4.466835921509630936e-01,4.466835921509630936e-01,4.477442277136679749e+00,1.002374467254544754e+01,2.304956745655777350e+00
2.238721138568339875e+00,4.000000000000000000e+00,4.466835921509630936e-01,4.466835921509630936e-01,4.466835921509630936e-01,8.954884554273359498e+00,2.004748934509089509e+01,2.998103926215722748e+00
2.511886431509580131e+00,1.000000000000000000e+00,3.981071705534972582e-01,3.981071705534972582e-01,3.981071705534972582e-01,2.511886431509580131e+00,6.309573444801932496e+00,1.842068074395236454e+00
2.511886431509580131e+00,2.000000000000000000e+00,3.981071705534972582e-01,3.981071705534972582e-01,3.981071705534972582e-01,5.023772863019160262e+00,1.261914688960386499e+01,2.535215254955181852e+00
2.511886431509580131e+00,4.000000000000000000e+00,3.981071705534972582e-01,3.981071705534972582e-01,3.981071705534972582e-01,1.004754572603832052e+01,2.523829377920772998e+01,3.228362435515127249e+00
2.818382931264453717e+00,1.000000000000000000e+00,3.548133892335754713e-01,3.548133892335754713e-01,3.548133892335754713e-01,2.818382931264453717e+00,7.943282347242814012e+00,2.072326583694640956e+00
2.818382931264453717e+00,2.000000000000000000e+00,3.548133892335754713e-01,3.548133892335754713e-01,3.548133892335754713e-01,5.636765862528907434e+00,1.588656469448562802e+01,2.765473764254586353e+00
2.818382931264453717e+00,4.000000000000000000e+00,3.548133892335754713e-01,3.548133892335754713e-01,3.548133892335754713e-01,1.127353172505781487e+01,3.177312938897125605e+01,3.458620944814531750e+00
3.162277660168379523e+00,1.000000000000000000e+00,3.162277660168379412e-01,3.162277660168379412e-01,3.162277660168379412e-01,3.162277660168379523e+00,1.000000000000000000e+01,2.302585092994045901e+00
3.162277660168379523e+00,2.000000000000000000e+00,3.162277660168379412e-01,3.162277660168379412e-01,3.162277660168379412e-01,6.324555320336759046e+00,2.000000000000000000e+01,2.995732273553990854e+00
3.162277660168379523e+00,4.000000000000000000e+00,3.162277660168379412e-01,3.162277660168379412e-01,3.162277660168379412e-01,1.264911064067351809e+01,4.000000000000000000e+01,3.688879454113936252e+00
3.548133892335755046e+00,1.000000000000000000e+00,2.818382931264453717e-01,2.818382931264453717e-01,2.818382931264453717e-01,3.548133892335755046e+00,1.258925411794167459e+01,2.532843602293450402e+00
3.548133892335755046e+00,2.000000000000000000e+00,2.818382931264453717e-01,2.818382931264453717e-01,2.818382931264453717e-01,7.096267784671510093e+00,2.517850823588334919e+01,3.225990782853395800e+00
3.548133892335755046e+00,4.000000000000000000e+00,2.818382931264453717e-01,2.818382931264453717e-01,2.818382931264453717e-01,1.419253556934302019e+01,5.035701647176669837e+01,3.919137963413341197e+00
3.981071705534973137e+00,1.000000000000000000e+00,2.511886431509579576e-01,2.511886431509579576e-01,2.511886431509579576e-01,3.981071705534973137e+00,1.584893192461113998e+01,2.763102111592855348e+00
3.981071705534973137e+00,2.000000000000000000e+00,2.511886431509579576e-01,2.511886431509579576e-01,2.511886431509579576e-01,7.962143411069946275e+00,3.169786384922227995e+01,3.456249292152800301e+00
3.981071705534973137e+00,4.000000000000000000e+00,2.511886431509579576e-01,2.511886431509579576e-01,2.511886431509579576e-01,1.592428682213989255e+01,6.339572769844455991e+01,4.149396472712745698e+00
4.466835921509631824e+00,1.000000000000000000e+00,2.238721138568339208e-01,2.238721138568339208e-01,2.238721138568339208e-01,4.466835921509631824e+00,1.995262314968880091e+01,2.993360620892259849e+00
4.466835921509631824e+00,2.000000000000000000e+00,2.238721138568339208e-01,2.238721138568339208e-01,2.238721138568339208e-01,8.933671843019263648e+00,3.990524629937760182e+01,3.686507801452204802e+00
4.466835921509631824e+00,4.000000000000000000e+00,2.238721138568339208e-01,2.238721138568339208e-01,2.238721138568339208e-01,1.786734368603852730e+01,7.981049259875520363e+01,4.379654982012150199e+00
5.011872336272723771e+00,1.000000000000000000e+00,1.995262314968879180e-01,1.995262314968879180e-01,1.995262314968879180e-01,5.011872336272723771e+00,2.511886431509580930e+01,3.223619130191664350e+00
5.011872336272723771e+00,2.000000000000000000e+00,1.995262314968879180e-01,1.995262314968879180e-01,1.995262314968879180e-01,1.002374467254544754e+01,5.023772863019161861e+01,3.916766310751609748e+00
5.011872336272723771e+00,4.000000000000000000e+00,1.995262314968879180e-01,1.995262314968879180e-01,1.995262314968879180e-01,2.004748934509089509e+01,1.004754572603832372e+02,4.609913491311554701e+00
5.623413251903490284e+00,1.000000000000000000e+00,1.778279410038922925e-01,1.778279410038922925e-01,1.778279410038922925e-01,5.623413251903490284e+00,3.162277660168378901e+01,3.453877639491068408e+00
5.623413251903490284e+00,2.000000000000000000e+00,1.778279410038922925e-01,1.778279410038922925e-01,1.778279410038922925e-01,1.124682650380698057e+01,6.324555320336757802e+01,4.147024820051013805e+00
5.623413251903490284e+00,4.000000000000000000e+00,1.778279410038922925e-01,1.778279410038922925e-01,1.778279410038922925e-01,2.249365300761396114e+01,1.264911064067351560e+02,4.840172000610959202e+00
6.309573444801933384e+00,1.000000000000000000e+00,1.584893192461113154e-01,1.584893192461113154e-01,1.584893192461113154e-01,6.309573444801933384e+00,3.981071705534974114e+01,3.684136148790473353e+00
6.309573444801933384e+00,2.000000000000000000e+00,1.584893192461113154e-01,1.584893192461113154e-01,1.584893192461113154e-01,1.261914688960386677e+01,7.962143411069948229e+01,4.377283329350419194e+00
6.309573444801933384e+00,4.000000000000000000e+00,1.584893192461113154e-01,1.584893192461113154e-01,1.584893192461113154e-01,2.523829377920773354e+01,1.592428682213989646e+02,5.070430509910363703e+00
7.079457843841380438e+00,1.000000000000000000e+00,1.412537544622753938e-01,1.412537544622753938e-01,1.412537544622753938e-01,7.079457843841380438e+00,5.011872336272725192e+01,3.914394658089878298e+00
7.079457843841380438e+00,2.000000000000000000e+00,1.412537544622753938e-01,1.412537544622753938e-01,1.412537544622753938e-01,1.415891568768276088e+01,1.002374467254545038e+02,4.607541838649823696e+00
7.079457843841380438e+00,4.000000000000000000e+00,1.412537544622753938e-01,1.412537544622753938e-01,1.412537544622753938e-01,2.831783137536552175e+01,2.004748934509090077e+02,5.300689019209769093e+00
7.943282347242815788e+00,1.000000000000000000e+00,1.258925411794167004e-01,1.258925411794167004e-01,1.258925411794167004e-01,7.943282347242815788e+00,6.309573444801934272e+01,4.144653167389282800e+00
7.943282347242815788e+00,2.000000000000000000e+00,1.258925411794167004e-01,1.258925411794167004e-01,1.258925411794167004e-01,1.588656469448563158e+01,1.261914688960386854e+02,4.837800347949228197e+00
7.943282347242815788e+00,4.000000000000000000e+00,1.258925411794167004e-01,1.258925411794167004e-01,1.258925411794167004e-01,3.177312938897126315e+01,2.523829377920773709e+02,5.530947528509172706e+00
8.912509381337455849e+00,1.000000000000000000e+00,1.122018454301963314e-01,1.122018454301963314e-01,1.122018454301963314e-01,8.912509381337455849e+00,7.943282347242816854e+01,4.374911676688687301e+00
8.912509381337455849e+00,2.000000000000000000e+00,1.122018454301963314e-01,1.122018454301963314e-01,1.122018454301963314e-01,1.782501876267491170e+01,1.588656469448563371e+02,5.068058857248632698e+00
8.912509381337455849e+00,4.000000000000000000e+00,1.122018454301963314e-01,1.122018454301963314e-01,1.122018454301963314e-01,3.565003752534982340e+01,3.177312938897126742e+02,5.761206037808577207e+00
1.000000000000000000e+01,1.000000000000000000e+00,1.000000000000000056e-01,1.000000000000000056e-01,1.000000000000000056e-01,1.000000000000000000e+01,1.000000000000000000e+02,4.605170185988091802e+00
1.000000000000000000e+01,2.000000000000000000e+00,1.000000000000000056e-01,1.000000000000000056e-01,1.000000000000000056e-01,2.000000000000000000e+01,2.000000000000000000e+02,5.298317366548036311e+00
1.000000000000000000e+01,4.000000000000000000e+00,1.000000000000000056e-01,1.000000000000000056e-01,1.000000000000000056e-01,4.000000000000000000e+01,4.000000000000000000e+02,5.991464547107981709e+00
1.122018454301963608e+01,1.000000000000000000e+00,8.912509381337453684e-02,8.912509381337453684e-02,8.912509381337453684e-02,1.122018454301963608e+01,1.258925411794167672e+02,4.835428695287496303e+00
1.122018454301963608e+01,2.000000000000000000e+00,8.912509381337453684e-02,8.912509381337453684e-02,8.912509381337453684e-02,2.244036908603927216e+01,2.517850823588335345e+02,5.528575875847441701e+00
1.122018454301963608e+01,4.000000000000000000e+00,8.912509381337453684e-02,8.912509381337453684e-02,8.912509381337453684e-02,4.488073817207854432e+01,5.035701647176670690e+02,6.221723056407387098e+00
1.258925411794167459e+01,1.000000000000000000e+00,7.943282347242813790e-02,7.943282347242813790e-02,7.943282347242813790e-02,1.258925411794167459e+01,1.584893192461113927e+02,5.065687204586900805e+00
1.258925411794167459e+01,2.000000000000000000e+00,7.943282347242813790e-02,7.943282347242813790e-02,7.943282347242813790e-02,2.517850823588334919e+01,3.169786384922227853e+02,5.758834385146846202e+00
1.258925411794167459e+01,4.000000000000000000e+00,7.943282347242813790e-02,7.943282347242813790e-02,7.943282347242813790e-02,5.035701647176669837e+01,6.339572769844455706e+02,6.451981565706791599e+00
1.412537544622754737e+01,1.000000000000000000e+00,7.079457843841377440e-02,7.079457843841377440e-02,7.079457843841377440e-02,1.412537544622754737e+01,1.995262314968880730e+02,5.295945713886305306e+00
1.412537544622754737e+01,2.000000000000000000e+00,7.079457843841377440e-02,7.079457843841377440e-02,7.079457843841377440e-02,2.825075089245509474e+01,3.990524629937761460e+02,5.989092894446250703e+00
1.412537544622754737e+01,4.000000000000000000e+00,7.079457843841377440e-02,7.079457843841377440e-02,7.079457843841377440e-02,5.650150178491018949e+01,7.981049259875522921e+02,6.682240075006196101e+00
1.584893192461114175e+01,1.000000000000000000e+00,6.309573444801930275e-02,6.309573444801930275e-02,6.309573444801930275e-02,1.584893192461114175e+01,2.511886431509581996e+02,5.526204223185710696e+00
1.584893192461114175e+01,2.000000000000000000e+00,6.309573444801930275e-02,6.309573444801930275e-02,6.309573444801930275e-02,3.169786384922228351e+01,5.023772863019163992e+02,6.219351403745656093e+00
1.584893192461114175e+01,4.000000000000000000e+00,6.309573444801930275e-02,6.309573444801930275e-02,6.309573444801930275e-02,6.339572769844456701e+01,1.004754572603832798e+03,6.912498584305600602e+00
1.778279410038922848e+01,1.000000000000000000e+00,5.623413251903490451e-02,5.623413251903490451e-02,5.623413251903490451e-02,1.778279410038922848e+01,3.162277660168379612e+02,5.756462732485114309e+00
1.778279410038922848e+01,2.000000000000000000e+00,5.623413251903490451e-02,5.623413251903490451e-02,5.623413251903490451e-02,3.556558820077845695e+01,6.324555320336759223e+02,6.449609913045059706e+00
1.778279410038922848e+01,4.000000000000000000e+00,5.623413251903490451e-02,5.623413251903490451e-02,5.623413251903490451e-02,7.113117640155691390e+01,1.264911064067351845e+03,7.142757093605005103e+00
1.995262314968879735e+01,1.000000000000000000e+00,5.011872336272722717e-02,5.011872336272722717e-02,5.011872336272722717e-02,1.995262314968879735e+01,3.981071705534972693e+02,5.986721241784518810e+00
1.995262314968879735e+01,2.000000000000000000e+00,5.011872336272722717e-02,5.011872336272722717e-02,5.011872336272722717e-02,3.990524629937759471e+01,7.962143411069945387e+02,6.679868422344464207e+00
1.995262314968879735e+01,4.000000000000000000e+00,5.011872336272722717e-02,5.011872336272722717e-02,5.011872336272722717e-02,7.981049259875518942e+01,1.592428682213989077e+03,7.373015602904409604e+00
2.238721138568340052e+01,1.000000000000000000e+00,4.466835921509629964e-02,4.466835921509629964e-02,4.466835921509629964e-02,2.238721138568340052e+01,5.011872336272725192e+02,6.216979751083924199e+00
2.238721138568340052e+01,2.000000000000000000e+00,4.466835921509629964e-02,4.466835921509629964e-02,4.466835921509629964e-02,4.477442277136680104e+01,1.002374467254545038e+03,6.910126931643868708e+00
2.238721138568340052e+01,4.000000000000000000e+00,4.466835921509629964e-02,4.466835921509629964e-02,4.466835921509629964e-02,8.954884554273360209e+01,2.004748934509090077e+03,7.603274112203814106e+00
2.511886431509580930e+01,1.000000000000000000e+00,3.981071705534971333e-02,3.981071705534971333e-02,3.981071705534971333e-02,2.511886431509580930e+01,6.309573444801936830e+02,6.447238260383328701e+00
2.511886431509580930e+01,2.000000000000000000e+00,3.981071705534971333e-02,3.981071705534971333e-02,3.981071705534971333e-02,5.023772863019161861e+01,1.261914688960387366e+03,7.140385440943274098e+00
2.511886431509580930e+01,4.000000000000000000e+00,3.981071705534971333e-02,3.981071705534971333e-02,3.981071705534971333e-02,1.004754572603832372e+02,2.523829377920774732e+03,7.833532621503219495e+00
2.818382931264454783e+01,1.000000000000000000e+00,3.548133892335753048e-02,3.548133892335753048e-02,3.548133892335753048e-02,2.818382931264454783e+01,7.943282347242820833e+02,6.677496769682733202e+00
2.818382931264454783e+01,2.000000000000000000e+00,3.548133892335753048e-02,3.548133892335753048e-02,3.548133892335753048e-02,5.636765862528909565e+01,1.588656469448564167e+03,7.370643950242678599e+00
2.818382931264454783e+01,4.000000000000000000e+00,3.548133892335753048e-02,3.548133892335753048e-02,3.548133892335753048e-02,1.127353172505781913e+02,3.177312938897128333e+03,8.063791130802623996e+00
3.162277660168379256e+01,1.000000000000000000e+00,3.162277660168379134e-02,3.162277660168379134e-02,3.162277660168379134e-02,3.162277660168379256e+01,1.000000000000000000e+03,6.907755278982136815e+00
3.162277660168379256e+01,2.000000000000000000e+00,3.162277660168379134e-02,3.162277660168379134e-02,3.162277660168379134e-02,6.324555320336758513e+01,2.000000000000000000e+03,7.600902459542082212e+00
3.162277660168379256e+01,4.000000000000000000e+00,3.162277660168379134e-02,3.162277660168379134e-02,3.162277660168379134e-02,1.264911064067351703e+02,4.000000000000000000e+03,8.294049640102027610e+00
3.548133892335754780e+01,1.000000000000000000e+00,2.818382931264453578e-02,2.818382931264453578e-02,2.818382931264453578e-02,3.548133892335754780e+01,1.258925411794167303e+03,7.138013788281541316e+00
3.548133892335754780e+01,2.000000000000000000e+00,2.818382931264453578e-02,2.818382931264453578e-02,2.818382931264453578e-02,7.096267784671509560e+01,2.517850823588334606e+03,7.831160968841486714e+00
3.548133892335754780e+01,4.000000000000000000e+00,2.818382931264453578e-02,2.818382931264453578e-02,2.818382931264453578e-02,1.419253556934301912e+02,5.035701647176669212e+03,8.524308149401432999e+00
3.981071705534973404e+01,1.000000000000000000e+00,2.511886431509579437e-02,2.511886431509579437e-02,2.511886431509579437e-02,3.981071705534973404e+01,1.584893192461114268e+03,7.368272297580946706e+00
3.981071705534973404e+01,2.000000000000000000e+00,2.511886431509579437e-02,2.511886431509579437e-02,2.511886431509579437e-02,7.962143411069946808e+01,3.169786384922228535e+03,8.061419478140891215e+00
3.981071705534973404e+01,4.000000000000000000e+00,2.511886431509579437e-02,2.511886431509579437e-02,2.511886431509579437e-02,1.592428682213989362e+02,6.339572769844457071e+03,8.754566658700836612e+00
4.466835921509632357e+01,1.000000000000000000e+00,2.238721138568338861e-02,2.238721138568338861e-02,2.238721138568338861e-02,4.466835921509632357e+01,1.995262314968880901e+03,7.598530806880351207e+00
4.466835921509632357e+01,2.000000000000000000e+00,2.238721138568338861e-02,2.238721138568338861e-02,2.238721138568338861e-02,8.933671843019264713e+01,3.990524629937761802e+03,8.291677987440296604e+00
4.466835921509632357e+01,4.000000000000000000e+00,2.238721138568338861e-02,2.238721138568338861e-02,2.238721138568338861e-02,1.786734368603852943e+02,7.981049259875523603e+03,8.984825168000242002e+00
5.011872336272724482e+01,1.000000000000000000e+00,1.995262314968878833e-02,1.995262314968878833e-02,1.995262314968878833e-02,5.011872336272724482e+01,2.511886431509582053e+03,7.828789316179755708e+00
5.011872336272724482e+01,2.000000000000000000e+00,1.995262314968878833e-02,1.995262314968878833e-02,1.995262314968878833e-02,1.002374467254544896e+02,5.023772863019164106e+03,8.521936496739701994e+00
5.011872336272724482e+01,4.000000000000000000e+00,1.995262314968878833e-02,1.995262314968878833e-02,1.995262314968878833e-02,2.004748934509089793e+02,1.004754572603832821e+04,9.215083677299647391e+00
5.623413251903490817e+01,1.000000000000000000e+00,1.778279410038922925e-02,1.778279410038922925e-02,1.778279410038922925e-02,5.623413251903490817e+01,3.162277660168379043e+03,8.059047825479160210e+00
5.623413251903490817e+01,2.000000000000000000e+00,1.778279410038922925e-02,1.778279410038922925e-02,1.778279410038922925e-02,1.124682650380698163e+02,6.324555320336758086e+03,8.752195006039105607e+00
5.623413251903490817e+01,4.000000000000000000e+00,1.778279410038922925e-02,1.778279410038922925e-02,1.778279410038922925e-02,2.249365300761396327e+02,1.264911064067351617e+04,9.445342186599051004e+00
6.309573444801932851e+01,1.000000000000000000e+00,1.584893192461113431e-02,1.584893192461113431e-02,1.584893192461113431e-02,6.309573444801932851e+01,3.981071705534972807e+03,8.289306334778563823e+00
6.309573444801932851e+01,2.000000000000000000e+00,1.584893192461113431e-02,1.584893192461113431e-02,1.584893192461113431e-02,1.261914688960386570e+02,7.962143411069945614e+03,8.982453515338509220e+00
6.309573444801932851e+01,4.000000000000000000e+00,1.584893192461113431e-02,1.584893192461113431e-02,1.584893192461113431e-02,2.523829377920773140e+02,1.592428682213989123e+04,9.675600695898454617e+00
7.079457843841380793e+01,1.000000000000000000e+00,1.412537544622754007e-02,1.412537544622754007e-02,1.412537544622754007e-02,7.079457843841380793e+01,5.011872336272725079e+03,8.519564844077969212e+00
7.079457843841380793e+01,2.000000000000000000e+00,1.412537544622754007e-02,1.412537544622754007e-02,1.412537544622754007e-02,1.415891568768276159e+02,1.002374467254545016e+04,9.212712024637914610e+00
7.079457843841380793e+01,4.000000000000000000e+00,1.412537544622754007e-02,1.412537544622754007e-02,1.412537544622754007e-02,2.831783137536552317e+02,2.004748934509090031e+04,9.905859205197860007e+00
7.943282347242816854e+01,1.000000000000000000e+00,1.258925411794166969e-02,1.258925411794166969e-02,1.258925411794166969e-02,7.943282347242816854e+01,6.309573444801934784e+03,8.749823353377374602e+00
7.943282347242816854e+01,2.000000000000000000e+00,1.258925411794166969e-02,1.258925411794166969e-02,1.258925411794166969e-02,1.588656469448563371e+02,1.261914688960386957e+04,9.442970533937319999e+00
7.943282347242816854e+01,4.000000000000000000e+00,1.258925411794166969e-02,1.258925411794166969e-02,1.258925411794166969e-02,3.177312938897126742e+02,2.523829377920773914e+04,1.013611771449726540e+01
8.912509381337459047e+01,1.000000000000000000e+00,1.122018454301963036e-02,1.122018454301963036e-02,1.122018454301963036e-02,8.912509381337459047e+01,7.943282347242820833e+03,8.980081862676778215e+00
8.912509381337459047e+01,2.000000000000000000e+00,1.122018454301963036e-02,1.122018454301963036e-02,1.122018454301963036e-02,1.782501876267491809e+02,1.588656469448564167e+04,9.673229043236723612e+00
8.912509381337459047e+01,4.000000000000000000e+00,1.122018454301963036e-02,1.122018454301963036e-02,1.122018454301963036e-02,3.565003752534983619e+02,3.177312938897128333e+04,1.036637622379666901e+01
1.000000000000000000e+02,1.000000000000000000e+00,1.000000000000000021e-02,1.000000000000000021e-02,1.000000000000000021e-02,1.000000000000000000e+02,1.000000000000000000e+04,9.210340371976183604e+00
1.000000000000000000e+02,2.000000000000000000e+00,1.000000000000000021e-02,1.000000000000000021e-02,1.000000000000000021e-02,2.000000000000000000e+02,2.000000000000000000e+04,9.903487552536127225e+00
1.000000000000000000e+02,4.000000000000000000e+00,1.000000000000000021e-02,1.000000000000000021e-02,1.000000000000000021e-02,4.000000000000000000e+02,4.000000000000000000e+04,1.059663473309607262e+01
1.122018454301964141e+02,1.000000000000000000e+00,8.912509381337450215e-03,8.912509381337450215e-03,8.912509381337450215e-03,1.122018454301964141e+02,1.258925411794168758e+04,9.440598881275588994e+00
1.122018454301964141e+02,2.000000000000000000e+00,8.912509381337450215e-03,8.912509381337450215e-03,8.912509381337450215e-03,2.244036908603928282e+02,2.517850823588337516e+04,1.013374606183553439e+01
1.122018454301964141e+02,4.000000000000000000e+00,8.912509381337450215e-03,8.912509381337450215e-03,8.912509381337450215e-03,4.488073817207856564e+02,5.035701647176675033e+04,1.082689324239547979e+01
1.258925411794167530e+02,1.000000000000000000e+00,7.943282347242813790e-03,7.943282347242813790e-03,7.943282347242813790e-03,1.258925411794167530e+02,1.584893192461114086e+04,9.670857390574992607e+00
1.258925411794167530e+02,2.000000000000000000e+00,7.943282347242813790e-03,7.943282347242813790e-03,7.943282347242813790e-03,2.517850823588335061e+02,3.169786384922228171e+04,1.036400457113493800e+01
1.258925411794167530e+02,4.000000000000000000e+00,7.943282347242813790e-03,7.943282347242813790e-03,7.943282347242813790e-03,5.035701647176670122e+02,6.339572769844456343e+04,1.105715175169488340e+01
1.412537544622753956e+02,1.000000000000000000e+00,7.079457843841381257e-03,7.079457843841381257e-03,7.079457843841381257e-03,1.412537544622753956e+02,1.995262314968878491e+04,9.901115899874396220e+00
1.412537544622753956e+02,2.000000000000000000e+00,7.079457843841381257e-03,7.079457843841381257e-03,7.079457843841381257e-03,2.825075089245507911e+02,3.990524629937756981e+04,1.059426308043434162e+01
1.412537544622753956e+02,4.000000000000000000e+00,7.079457843841381257e-03,7.079457843841381257e-03,7.079457843841381257e-03,5.650150178491015822e+02,7.981049259875513962e+04,1.128741026099428701e+01
1.584893192461114211e+02,1.000000000000000000e+00,6.309573444801929408e-03,6.309573444801929408e-03,6.309573444801929408e-03,1.584893192461114211e+02,2.511886431509582326e+04,1.013137440917380161e+01
1.584893192461114211e+02,2.000000000000000000e+00,6.309573444801929408e-03,6.309573444801929408e-03,6.309573444801929408e-03,3.169786384922228422e+02,5.023772863019164652e+04,1.082452158973374701e+01
1.584893192461114211e+02,4.000000000000000000e+00,6.309573444801929408e-03,6.309573444801929408e-03,6.309573444801929408e-03,6.339572769844456843e+02,1.004754572603832930e+05,1.151766877029369240e+01
1.778279410038922776e+02,1.000000000000000000e+00,5.623413251903490971e-03,5.623413251903490971e-03,5.623413251903490971e-03,1.778279410038922776e+02,3.162277660168379225e+04,1.036163291847320522e+01
1.778279410038922776e+02,2.000000000000000000e+00,5.623413251903490971e-03,5.623413251903490971e-03,5.623413251903490971e-03,3.556558820077845553e+02,6.324555320336758450e+04,1.105478009903315062e+01
1.778279410038922776e+02,4.000000000000000000e+00,5.623413251903490971e-03,5.623413251903490971e-03,5.623413251903490971e-03,7.113117640155691106e+02,1.264911064067351690e+05,1.174792727959309602e+01
1.995262314968880730e+02,1.000000000000000000e+00,5.011872336272720288e-03,5.011872336272720288e-03,5.011872336272720288e-03,1.995262314968880730e+02,3.981071705534977082e+04,1.059189142777261061e+01
1.995262314968880730e+02,2.000000000000000000e+00,5.011872336272720288e-03,5.011872336272720288e-03,5.011872336272720288e-03,3.990524629937761460e+02,7.962143411069954163e+04,1.128503860833255601e+01
1.995262314968880730e+02,4.000000000000000000e+00,5.011872336272720288e-03,5.011872336272720288e-03,5.011872336272720288e-03,7.981049259875522921e+02,1.592428682213990833e+05,1.197818578889250141e+01
2.238721138568340052e+02,1.000000000000000000e+00,4.466835921509630485e-03,4.466835921509630485e-03,4.466835921509630485e-03,2.238721138568340052e+02,5.011872336272724351e+04,1.082214993707201423e+01
2.238721138568340052e+02,2.000000000000000000e+00,4.466835921509630485e-03,4.466835921509630485e-03,4.466835921509630485e-03,4.477442277136680104e+02,1.002374467254544870e+05,1.151529711763195962e+01
2.238721138568340052e+02,4.000000000000000000e+00,4.466835921509630485e-03,4.466835921509630485e-03,4.466835921509630485e-03,8.954884554273360209e+02,2.004748934509089740e+05,1.220844429819190502e+01
2.511886431509582280e+02,1.000000000000000000e+00,3.981071705534969078e-03,3.981071705534969078e-03,3.981071705534969078e-03,2.511886431509582280e+02,6.309573444801943697e+04,1.105240844637142139e+01
2.511886431509582280e+02,2.000000000000000000e+00,3.981071705534969078e-03,3.981071705534969078e-03,3.981071705534969078e-03,5.023772863019164561e+02,1.261914688960388739e+05,1.174555562693136679e+01
2.511886431509582280e+02,4.000000000000000000e+00,3.981071705534969078e-03,3.981071705534969078e-03,3.981071705534969078e-03,1.004754572603832912e+03,2.523829377920777479e+05,1.243870280749131219e+01
2.818382931264454783e+02,1.000000000000000000e+00,3.548133892335753221e-03,3.548133892335753221e-03,3.548133892335753221e-03,2.818382931264454783e+02,7.943282347242820833e+04,1.128266695567082500e+01
2.818382931264454783e+02,2.000000000000000000e+00,3.548133892335753221e-03,3.548133892335753221e-03,3.548133892335753221e-03,5.636765862528909565e+02,1.588656469448564167e+05,1.197581413623077040e+01
2.818382931264454783e+02,4.000000000000000000e+00,3.548133892335753221e-03,3.548133892335753221e-03,3.548133892335753221e-03,1.127353172505781913e+03,3.177312938897128333e+05,1.266896131679071580e+01
3.162277660168379043e+02,1.000000000000000000e+00,3.162277660168379828e-03,3.162277660168379828e-03,3.162277660168379828e-03,3.162277660168379043e+02,9.999999999999997090e+04,1.151292546497022862e+01
3.162277660168379043e+02,2.000000000000000000e+00,3.162277660168379828e-03,3.162277660168379828e-03,3.162277660168379828e-03,6.324555320336758086e+02,1.999999999999999418e+05,1.220607264553017401e+01
3.162277660168379043e+02,4.000000000000000000e+00,3.162277660168379828e-03,3.162277660168379828e-03,3.162277660168379828e-03,1.264911064067351617e+03,3.999999999999998836e+05,1.289921982609011941e+01
3.548133892335756627e+02,1.000000000000000000e+00,2.818382931264452190e-03,2.818382931264452190e-03,2.818382931264452190e-03,3.548133892335756627e+02,1.258925411794168613e+05,1.174318397426963401e+01
3.548133892335756627e+02,2.000000000000000000e+00,2.818382931264452190e-03,2.818382931264452190e-03,2.818382931264452190e-03,7.096267784671513255e+02,2.517850823588337225e+05,1.243633115482957940e+01
3.548133892335756627e+02,4.000000000000000000e+00,2.818382931264452190e-03,2.818382931264452190e-03,2.818382931264452190e-03,1.419253556934302651e+03,5.035701647176674451e+05,1.312947833538952480e+01
3.981071705534973262e+02,1.000000000000000000e+00,2.511886431509579437e-03,2.511886431509579437e-03,2.511886431509579437e-03,3.981071705534973262e+02,1.584893192461114086e+05,1.197344248356903762e+01
3.981071705534973262e+02,2.000000000000000000e+00,2.511886431509579437e-03,2.511886431509579437e-03,2.511886431509579437e-03,7.962143411069946524e+02,3.169786384922228171e+05,1.266658966412898302e+01
3.981071705534973262e+02,4.000000000000000000e+00,2.511886431509579437e-03,2.511886431509579437e-03,2.511886431509579437e-03,1.592428682213989305e+03,6.339572769844456343e+05,1.335973684468892841e+01
4.466835921509634773e+02,1.000000000000000000e+00,2.238721138568337734e-03,2.238721138568337734e-03,2.238721138568337734e-03,4.466835921509634773e+02,1.995262314968883002e+05,1.220370099286844301e+01
4.466835921509634773e+02,2.000000000000000000e+00,2.238721138568337734e-03,2.238721138568337734e-03,2.238721138568337734e-03,8.933671843019269545e+02,3.990524629937766003e+05,1.289684817342838841e+01
4.466835921509634773e+02,4.000000000000000000e+00,2.238721138568337734e-03,2.238721138568337734e-03,2.238721138568337734e-03,1.786734368603853909e+03,7.981049259875532007e+05,1.358999535398833380e+01
5.011872336272724624e+02,1.000000000000000000e+00,1.995262314968878920e-03,1.995262314968878920e-03,1.995262314968878920e-03,5.011872336272724624e+02,2.511886431509581744e+05,1.243395950216784662e+01
5.011872336272724624e+02,2.000000000000000000e+00,1.995262314968878920e-03,1.995262314968878920e-03,1.995262314968878920e-03,1.002374467254544925e+03,5.023772863019163487e+05,1.312710668272779202e+01
5.011872336272724624e+02,4.000000000000000000e+00,1.995262314968878920e-03,1.995262314968878920e-03,1.995262314968878920e-03,2.004748934509089850e+03,1.004754572603832697e+06,1.382025386328773742e+01
5.623413251903490391e+02,1.000000000000000000e+00,1.778279410038922969e-03,1.778279410038922969e-03,1.778279410038922969e-03,5.623413251903490391e+02,3.162277660168379080e+05,1.266421801146725201e+01
5.623413251903490391e+02,2.000000000000000000e+00,1.778279410038922969e-03,1.778279410038922969e-03,1.778279410038922969e-03,1.124682650380698078e+03,6.324555320336758159e+05,1.335736519202719563e+01
5.623413251903490391e+02,4.000000000000000000e+00,1.778279410038922969e-03,1.778279410038922969e-03,1.778279410038922969e-03,2.249365300761396156e+03,1.264911064067351632e+06,1.405051237258714103e+01
6.309573444801936830e+02,1.000000000000000000e+00,1.584893192461112347e-03,1.584893192461112347e-03,1.584893192461112347e-03,6.309573444801936830e+02,3.981071705534977955e+05,1.289447652076665740e+01
6.309573444801936830e+02,2.000000000000000000e+00,1.584893192461112347e-03,1.584893192461112347e-03,1.584893192461112347e-03,1.261914688960387366e+03,7.962143411069955910e+05,1.358762370132660280e+01
6.309573444801936830e+02,4.000000000000000000e+00,1.584893192461112347e-03,1.584893192461112347e-03,1.584893192461112347e-03,2.523829377920774732e+03,1.592428682213991182e+06,1.428077088188654820e+01
7.079457843841380509e+02,1.000000000000000000e+00,1.412537544622753964e-03,1.412537544622753964e-03,1.412537544622753964e-03,7.079457843841380509e+02,5.011872336272724788e+05,1.312473503006606101e+01
7.079457843841380509e+02,2.000000000000000000e+00,1.412537544622753964e-03,1.412537544622753964e-03,1.412537544622753964e-03,1.415891568768276102e+03,1.002374467254544958e+06,1.381788221062600641e+01
7.079457843841380509e+02,4.000000000000000000e+00,1.412537544622753964e-03,1.412537544622753964e-03,1.412537544622753964e-03,2.831783137536552204e+03,2.004748934509089915e+06,1.451102939118595181e+01
7.943282347242821970e+02,1.000000000000000000e+00,1.258925411794166189e-03,1.258925411794166189e-03,1.258925411794166189e-03,7.943282347242821970e+02,6.309573444801942678e+05,1.335499353936546640e+01
7.943282347242821970e+02,2.000000000000000000e+00,1.258925411794166189e-03,1.258925411794166189e-03,1.258925411794166189e-03,1.588656469448564394e+03,1.261914688960388536e+06,1.404814071992541180e+01
7.943282347242821970e+02,4.000000000000000000e+00,1.258925411794166189e-03,1.258925411794166189e-03,1.258925411794166189e-03,3.177312938897128788e+03,2.523829377920777071e+06,1.474128790048535720e+01
8.912509381337458763e+02,1.000000000000000000e+00,1.122018454301963036e-03,1.122018454301963036e-03,1.122018454301963036e-03,8.912509381337458763e+02,7.943282347242820542e+05,1.358525204866487002e+01
8.912509381337458763e+02,2.000000000000000000e+00,1.122018454301963036e-03,1.122018454301963036e-03,1.122018454301963036e-03,1.782501876267491753e+03,1.588656469448564108e+06,1.427839922922481541e+01
8.912509381337458763e+02,4.000000000000000000e+00,1.122018454301963036e-03,1.122018454301963036e-03,1.122018454301963036e-03,3.565003752534983505e+03,3.177312938897128217e+06,1.497154640978476081e+01
1.000000000000000000e+03,1.000000000000000000e+00,1.000000000000000021e-03,1.000000000000000021e-03,1.000000000000000021e-03,1.000000000000000000e+03,1.000000000000000000e+06,1.381551055796427363e+01
1.000000000000000000e+03,2.000000000000000000e+00,1.000000000000000021e-03,1.000000000000000021e-03,1.000000000000000021e-03,2.000000000000000000e+03,2.000000000000000000e+06,1.450865773852421903e+01
1.000000000000000000e+03,4.000000000000000000e+00,1.000000000000000021e-03,1.000000000000000021e-03,1.000000000000000021e-03,4.000000000000000000e+03,4.000000000000000000e+06,1.520180491908416442e+01
1.122018454301964084e+03,1.000000000000000000e+00,8.912509381337450649e-04,8.912509381337450649e-04,8.912509381337450649e-04,1.122018454301964084e+03,1.258925411794168642e+06,1.404576906726367902e+01
1.122018454301964084e+03,2.000000000000000000e+00,8.912509381337450649e-04,8.912509381337450649e-04,8.912509381337450649e-04,2.244036908603928168e+03,2.517850823588337284e+06,1.473891624782362442e+01
1.122018454301964084e+03,4.000000000000000000e+00,8.912509381337450649e-04,8.912509381337450649e-04,8.912509381337450649e-04,4.488073817207856337e+03,5.035701647176674567e+06,1.543206342838356981e+01
1.258925411794167530e+03,1.000000000000000000e+00,7.943282347242813140e-04,7.943282347242813140e-04,7.943282347242813140e-04,1.258925411794167530e+03,1.584893192461114377e+06,1.427602757656308441e+01
1.258925411794167530e+03,2.000000000000000000e+00,7.943282347242813140e-04,7.943282347242813140e-04,7.943282347242813140e-04,2.517850823588335061e+03,3.169786384922228754e+06,1.496917475712302981e+01
1.258925411794167530e+03,4.000000000000000000e+00,7.943282347242813140e-04,7.943282347242813140e-04,7.943282347242813140e-04,5.035701647176670122e+03,6.339572769844457507e+06,1.566232193768297520e+01
1.412537544622755377e+03,1.000000000000000000e+00,7.079457843841373667e-04,7.079457843841373667e-04,7.079457843841373667e-04,1.412537544622755377e+03,1.995262314968882594e+06,1.450628608586248980e+01
1.412537544622755377e+03,2.000000000000000000e+00,7.079457843841373667e-04,7.079457843841373667e-04,7.079457843841373667e-04,2.825075089245510753e+03,3.990524629937765189e+06,1.519943326642243520e+01
1.412537544622755377e+03,4.000000000000000000e+00,7.079457843841373667e-04,7.079457843841373667e-04,7.079457843841373667e-04,5.650150178491021506e+03,7.981049259875530377e+06,1.589258044698238059e+01
1.584893192461114040e+03,1.000000000000000000e+00,6.309573444801929842e-04,6.309573444801929842e-04,6.309573444801929842e-04,1.584893192461114040e+03,2.511886431509581860e+06,1.473654459516189341e+01
1.584893192461114040e+03,2.000000000000000000e+00,6.309573444801929842e-04,6.309573444801929842e-04,6.309573444801929842e-04,3.169786384922228081e+03,5.023772863019163720e+06,1.542969177572183881e+01
1.584893192461114040e+03,4.000000000000000000e+00,6.309573444801929842e-04,6.309573444801929842e-04,6.309573444801929842e-04,6.339572769844456161e+03,1.004754572603832744e+07,1.612283895628178243e+01
1.778279410038922833e+03,1.000000000000000000e+00,5.623413251903490971e-04,5.623413251903490971e-04,5.623413251903490971e-04,1.778279410038922833e+03,3.162277660168379080e+06,1.496680310446129702e+01
1.778279410038922833e+03,2.000000000000000000e+00,5.623413251903490971e-04,5.623413251903490971e-04,5.623413251903490971e-04,3.556558820077845667e+03,6.324555320336758159e+06,1.565995028502124242e+01
1.778279410038922833e+03,4.000000000000000000e+00,5.623413251903490971e-04,5.623413251903490971e-04,5.623413251903490971e-04,7.113117640155691333e+03,1.264911064067351632e+07,1.635309746558118604e+01
1.995262314968880901e+03,1.000000000000000000e+00,5.011872336272719854e-04,5.011872336272719854e-04,5.011872336272719854e-04,1.995262314968880901e+03,3.981071705534977373e+06,1.519706161376070241e+01
1.995262314968880901e+03,2.000000000000000000e+00,5.011872336272719854e-04,5.011872336272719854e-04,5.011872336272719854e-04,3.990524629937761802e+03,7.962143411069954745e+06,1.589020879432064781e+01
1.995262314968880901e+03,4.000000000000000000e+00,5.011872336272719854e-04,5.011872336272719854e-04,5.011872336272719854e-04,7.981049259875523603e+03,1.592428682213990949e+07,1.658335597488059321e+01
2.238721138568339939e+03,1.000000000000000000e+00,4.466835921509630485e-04,4.466835921509630485e-04,4.466835921509630485e-04,2.238721138568339939e+03,5.011872336272723973e+06,1.542732012306010603e+01
2.238721138568339939e+03,2.000000000000000000e+00,4.466835921509630485e-04,4.466835921509630485e-04,4.466835921509630485e-04,4.477442277136679877e+03,1.002374467254544795e+07,1.612046730362005320e+01
2.238721138568339939e+03,4.000000000000000000e+00,4.466835921509630485e-04,4.466835921509630485e-04,4.466835921509630485e-04,8.954884554273359754e+03,2.004748934509089589e+07,1.681361448417999682e+01
2.511886431509582053e+03,1.000000000000000000e+00,3.981071705534969187e-04,3.981071705534969187e-04,3.981071705534969187e-04,2.511886431509582053e+03,6.309573444801942445e+06,1.565757863235951142e+01
2.511886431509582053e+03,2.000000000000000000e+00,3.981071705534969187e-04,3.981071705534969187e-04,3.981071705534969187e-04,5.023772863019164106e+03,1.261914688960388489e+07,1.635072581291945681e+01
2.511886431509582053e+03,4.000000000000000000e+00,3.981071705534969187e-04,3.981071705534969187e-04,3.981071705534969187e-04,1.004754572603832821e+04,2.523829377920776978e+07,1.704387299347940399e+01
2.818382931264454783e+03,1.000000000000000000e+00,3.548133892335753221e-04,3.548133892335753221e-04,3.548133892335753221e-04,2.818382931264454783e+03,7.943282347242821008e+06,1.588783714165891681e+01
2.818382931264454783e+03,2.000000000000000000e+00,3.548133892335753221e-04,3.548133892335753221e-04,3.548133892335753221e-04,5.636765862528909565e+03,1.588656469448564202e+07,1.658098432221886043e+01
2.818382931264454783e+03,4.000000000000000000e+00,3.548133892335753221e-04,3.548133892335753221e-04,3.548133892335753221e-04,1.127353172505781913e+04,3.177312938897128403e+07,1.727413150277880760e+01
3.162277660168379498e+03,1.000000000000000000e+00,3.162277660168379394e-04,3.162277660168379394e-04,3.162277660168379394e-04,3.162277660168379498e+03,1.000000000000000000e+07,1.611809565095832042e+01
3.162277660168379498e+03,2.000000000000000000e+00,3.162277660168379394e-04,3.162277660168379394e-04,3.162277660168379394e-04,6.324555320336758996e+03,2.000000000000000000e+07,1.681124283151826404e+01
3.162277660168379498e+03,4.000000000000000000e+00,3.162277660168379394e-04,3.162277660168379394e-04,3.162277660168379394e-04,1.264911064067351799e+04,4.000000000000000000e+07,1.750439001207821121e+01
3.548133892335756627e+03,1.000000000000000000e+00,2.818382931264452299e-04,2.818382931264452299e-04,2.818382931264452299e-04,3.548133892335756627e+03,1.258925411794168688e+07,1.634835416025772403e+01
3.548133892335756627e+03,2.000000000000000000e+00,2.818382931264452299e-04,2.818382931264452299e-04,2.818382931264452299e-04,7.096267784671513255e+03,2.517850823588337377e+07,1.704150134081767121e+01
3.548133892335756627e+03,4.000000000000000000e+00,2.818382931264452299e-04,2.818382931264452299e-04,2.818382931264452299e-04,1.419253556934302651e+04,5.035701647176674753e+07,1.773464852137761483e+01
3.981071705534973262e+03,1.000000000000000000e+00,2.511886431509579545e-04,2.511886431509579545e-04,2.511886431509579545e-04,3.981071705534973262e+03,1.584893192461114191e+07,1.657861266955712765e+01
3.981071705534973262e+03,2.000000000000000000e+00,2.511886431509579545e-04,2.511886431509579545e-04,2.511886431509579545e-04,7.962143411069946524e+03,3.169786384922228381e+07,1.727175985011707482e+01
3.981071705534973262e+03,4.000000000000000000e+00,2.511886431509579545e-04,2.511886431509579545e-04,2.511886431509579545e-04,1.592428682213989305e+04,6.339572769844456762e+07,1.796490703067701844e+01
4.466835921509635227e+03,1.000000000000000000e+00,2.238721138568337517e-04,2.238721138568337517e-04,2.238721138568337517e-04,4.466835921509635227e+03,1.995262314968883246e+07,1.680887117885653481e+01
4.466835921509635227e+03,2.000000000000000000e+00,2.238721138568337517e-04,2.238721138568337517e-04,2.238721138568337517e-04,8.933671843019270455e+03,3.990524629937766492e+07,1.750201835941648199e+01
4.466835921509635227e+03,4.000000000000000000e+00,2.238721138568337517e-04,2.238721138568337517e-04,2.238721138568337517e-04,1.786734368603854091e+04,7.981049259875532985e+07,1.819516553997642561e+01
5.011872336272725079e+03,1.000000000000000000e+00,1.995262314968878758e-04,1.995262314968878758e-04,1.995262314968878758e-04,5.011872336272725079e+03,2.511886431509582326e+07,1.703912968815593842e+01
5.011872336272725079e+03,2.000000000000000000e+00,1.995262314968878758e-04,1.995262314968878758e-04,1.995262314968878758e-04,1.002374467254545016e+04,5.023772863019164652e+07,1.773227686871588560e+01
5.011872336272725079e+03,4.000000000000000000e+00,1.995262314968878758e-04,1.995262314968878758e-04,1.995262314968878758e-04,2.004748934509090031e+04,1.004754572603832930e+08,1.842542404927582922e+01
5.623413251903491073e+03,1.000000000000000000e+00,1.778279410038922698e-04,1.778279410038922698e-04,1.778279410038922698e-04,5.623413251903491073e+03,3.162277660168379545e+07,1.726938819745534204e+01
5.623413251903491073e+03,2.000000000000000000e+00,1.778279410038922698e-04,1.778279410038922698e-04,1.778279410038922698e-04,1.124682650380698215e+04,6.324555320336759090e+07,1.796253537801528921e+01
5.623413251903491073e+03,4.000000000000000000e+00,1.778279410038922698e-04,1.778279410038922698e-04,1.778279410038922698e-04,2.249365300761396429e+04,1.264911064067351818e+08,1.865568255857523283e+01
6.309573444801936603e+03,1.000000000000000000e+00,1.584893192461112564e-04,1.584893192461112564e-04,1.584893192461112564e-04,6.309573444801936603e+03,3.981071705534977466e+07,1.749964670675474920e+01
6.309573444801936603e+03,2.000000000000000000e+00,1.584893192461112564e-04,1.584893192461112564e-04,1.584893192461112564e-04,1.261914688960387321e+04,7.962143411069954932e+07,1.819279388731469282e+01
6.309573444801936603e+03,4.000000000000000000e+00,1.584893192461112564e-04,1.584893192461112564e-04,1.584893192461112564e-04,2.523829377920774641e+04,1.592428682213990986e+08,1.888594106787464000e+01
7.079457843841380964e+03,1.000000000000000000e+00,1.412537544622753801e-04,1.412537544622753801e-04,1.412537544622753801e-04,7.079457843841380964e+03,5.011872336272726208e+07,1.772990521605415282e+01
7.079457843841380964e+03,2.000000000000000000e+00,1.412537544622753801e-04,1.412537544622753801e-04,1.412537544622753801e-04,1.415891568768276193e+04,1.002374467254545242e+08,1.842305239661409644e+01
7.079457843841380964e+03,4.000000000000000000e+00,1.412537544622753801e-04,1.412537544622753801e-04,1.412537544622753801e-04,2.831783137536552385e+04,2.004748934509090483e+08,1.911619957717404361e+01
7.943282347242821743e+03,1.000000000000000000e+00,1.258925411794166080e-04,1.258925411794166080e-04,1.258925411794166080e-04,7.943282347242821743e+03,6.309573444801943749e+07,1.796016372535355643e+01
7.943282347242821743e+03,2.000000000000000000e+00,1.258925411794166080e-04,1.258925411794166080e-04,1.258925411794166080e-04,1.588656469448564349e+04,1.261914688960388750e+08,1.865331090591350360e+01
7.943282347242821743e+03,4.000000000000000000e+00,1.258925411794166080e-04,1.258925411794166080e-04,1.258925411794166080e-04,3.177312938897128697e+04,2.523829377920777500e+08,1.934645808647344722e+01
8.912509381337458763e+03,1.000000000000000000e+00,1.122018454301963009e-04,1.122018454301963009e-04,1.122018454301963009e-04,8.912509381337458763e+03,7.943282347242821753e+07,1.819042223465296004e+01
8.912509381337458763e+03,2.000000000000000000e+00,1.122018454301963009e-04,1.122018454301963009e-04,1.122018454301963009e-04,1.782501876267491753e+04,1.588656469448564351e+08,1.888356941521290722e+01
8.912509381337458763e+03,4.000000000000000000e+00,1.122018454301963009e-04,1.122018454301963009e-04,1.122018454301963009e-04,3.565003752534983505e+04,3.177312938897128701e+08,1.957671659577285084e+01
1.000000000000000000e+04,1.000000000000000000e+00,1.000000000000000048e-04,1.000000000000000048e-04,1.000000000000000048e-04,1.000000000000000000e+04,1.000000000000000000e+08,1.842068074395236721e+01
1.000000000000000000e+04,2.000000000000000000e+00,1.000000000000000048e-04,1.000000000000000048e-04,1.000000000000000048e-04,2.000000000000000000e+04,2.000000000000000000e+08,1.911382792451231083e+01
1.000000000000000000e+04,4.000000000000000000e+00,1.000000000000000048e-04,1.000000000000000048e-04,1.000000000000000048e-04,4.000000000000000000e+04,4.000000000000000000e+08,1.980697510507225445e+01
1.122018454301962993e+04,1.000000000000000000e+00,8.912509381337458780e-05,8.912509381337458780e-05,8.912509381337458780e-05,1.122018454301962993e+04,1.258925411794166267e+08,1.865093925325177082e+01
1.122018454301962993e+04,2.000000000000000000e+00,8.912509381337458780e-05,8.912509381337458780e-05,8.912509381337458780e-05,2.244036908603925986e+04,2.517850823588332534e+08,1.934408643381171444e+01
1.122018454301962993e+04,4.000000000000000000e+00,8.912509381337458780e-05,8.912509381337458780e-05,8.912509381337458780e-05,4.488073817207851971e+04,5.035701647176665068e+08,2.003723361437166162e+01
1.258925411794168758e+04,1.000000000000000000e+00,7.943282347242805821e-05,7.943282347242805821e-05,7.943282347242805821e-05,1.258925411794168758e+04,1.584893192461117208e+08,1.888119776255117799e+01
1.258925411794168758e+04,2.000000000000000000e+00,7.943282347242805821e-05,7.943282347242805821e-05,7.943282347242805821e-05,2.517850823588337516e+04,3.169786384922234416e+08,1.957434494311112161e+01
1.258925411794168758e+04,4.000000000000000000e+00,7.943282347242805821e-05,7.943282347242805821e-05,7.943282347242805821e-05,5.035701647176675033e+04,6.339572769844468832e+08,2.026749212367106878e+01
1.412537544622755377e+04,1.000000000000000000e+00,7.079457843841373125e-05,7.079457843841373125e-05,7.079457843841373125e-05,1.412537544622755377e+04,1.995262314968882799e+08,1.911145627185058160e+01
1.412537544622755377e+04,2.000000000000000000e+00,7.079457843841373125e-05,7.079457843841373125e-05,7.079457843841373125e-05,2.825075089245510753e+04,3.990524629937765598e+08,1.980460345241052522e+01
1.412537544622755377e+04,4.000000000000000000e+00,7.079457843841373125e-05,7.079457843841373125e-05,7.079457843841373125e-05,5.650150178491021506e+04,7.981049259875531197e+08,2.049775063297047240e+01
1.584893192461114086e+04,1.000000000000000000e+00,6.309573444801930655e-05,6.309573444801930655e-05,6.309573444801930655e-05,1.584893192461114086e+04,2.511886431509581804e+08,1.934171478114998521e+01
1.584893192461114086e+04,2.000000000000000000e+00,6.309573444801930655e-05,6.309573444801930655e-05,6.309573444801930655e-05,3.169786384922228171e+04,5.023772863019163609e+08,2.003486196170992883e+01
1.584893192461114086e+04,4.000000000000000000e+00,6.309573444801930655e-05,6.309573444801930655e-05,6.309573444801930655e-05,6.339572769844456343e+04,1.004754572603832722e+09,2.072800914226987601e+01
1.778279410038922651e+04,1.000000000000000000e+00,5.623413251903491378e-05,5.623413251903491378e-05,5.623413251903491378e-05,1.778279410038922651e+04,3.162277660168378949e+08,1.957197329044938883e+01
1.778279410038922651e+04,2.000000000000000000e+00,5.623413251903491378e-05,5.623413251903491378e-05,5.623413251903491378e-05,3.556558820077845303e+04,6.324555320336757898e+08,2.026512047100933245e+01
1.778279410038922651e+04,4.000000000000000000e+00,5.623413251903491378e-05,5.623413251903491378e-05,5.623413251903491378e-05,7.113117640155690606e+04,1.264911064067351580e+09,2.095826765156927962e+01
1.995262314968878854e+04,1.000000000000000000e+00,5.011872336272724462e-05,5.011872336272724462e-05,5.011872336272724462e-05,1.995262314968878854e+04,3.981071705534969568e+08,1.980223179974879244e+01
1.995262314968878854e+04,2.000000000000000000e+00,5.011872336272724462e-05,5.011872336272724462e-05,5.011872336272724462e-05,3.990524629937757709e+04,7.962143411069939137e+08,2.049537898030873606e+01
1.995262314968878854e+04,4.000000000000000000e+00,5.011872336272724462e-05,5.011872336272724462e-05,5.011872336272724462e-05,7.981049259875515418e+04,1.592428682213987827e+09,2.118852616086868323e+01
2.238721138568342212e+04,1.000000000000000000e+00,4.466835921509626012e-05,4.466835921509626012e-05,4.466835921509626012e-05,2.238721138568342212e+04,5.011872336272734404e+08,2.003249030904819961e+01
2.238721138568342212e+04,2.000000000000000000e+00,4.466835921509626012e-05,4.466835921509626012e-05,4.466835921509626012e-05,4.477442277136684424e+04,1.002374467254546881e+09,2.072563748960814678e+01
2.238721138568342212e+04,4.000000000000000000e+00,4.466835921509626012e-05,4.466835921509626012e-05,4.466835921509626012e-05,8.954884554273368849e+04,2.004748934509093761e+09,2.141878467016809040e+01
2.511886431509581962e+04,1.000000000000000000e+00,3.981071705534969458e-05,3.981071705534969458e-05,3.981071705534969458e-05,2.511886431509581962e+04,6.309573444801942110e+08,2.026274881834760322e+01
2.511886431509581962e+04,2.000000000000000000e+00,3.981071705534969458e-05,3.981071705534969458e-05,3.981071705534969458e-05,5.023772863019163924e+04,1.261914688960388422e+09,2.095589599890755039e+01
2.511886431509581962e+04,4.000000000000000000e+00,3.981071705534969458e-05,3.981071705534969458e-05,3.981071705534969458e-05,1.004754572603832785e+05,2.523829377920776844e+09,2.164904317946749401e+01
2.818382931264454965e+04,1.000000000000000000e+00,3.548133892335753357e-05,3.548133892335753357e-05,3.548133892335753357e-05,2.818382931264454965e+04,7.943282347242821455e+08,2.049300732764700683e+01
2.818382931264454965e+04,2.000000000000000000e+00,3.548133892335753357e-05,3.548133892335753357e-05,3.548133892335753357e-05,5.636765862528909929e+04,1.588656469448564291e+09,2.118615450820695401e+01
2.818382931264454965e+04,4.000000000000000000e+00,3.548133892335753357e-05,3.548133892335753357e-05,3.548133892335753357e-05,1.127353172505781986e+05,3.177312938897128582e+09,2.187930168876689763e+01
3.162277660168379225e+04,1.000000000000000000e+00,3.162277660168379530e-05,3.162277660168379530e-05,3.162277660168379530e-05,3.162277660168379225e+04,9.999999999999998808e+08,2.072326583694641045e+01
3.162277660168379225e+04,2.000000000000000000e+00,3.162277660168379530e-05,3.162277660168379530e-05,3.162277660168379530e-05,6.324555320336758450e+04,1.999999999999999762e+09,2.141641301750635762e+01
3.162277660168379225e+04,4.000000000000000000e+00,3.162277660168379530e-05,3.162277660168379530e-05,3.162277660168379530e-05,1.264911064067351690e+05,3.999999999999999523e+09,2.210956019806630124e+01
3.548133892335752898e+04,1.000000000000000000e+00,2.818382931264455212e-05,2.818382931264455212e-05,2.818382931264455212e-05,3.548133892335752898e+04,1.258925411794166088e+09,2.095352434624581406e+01
3.548133892335752898e+04,2.000000000000000000e+00,2.818382931264455212e-05,2.818382931264455212e-05,2.818382931264455212e-05,7.096267784671505797e+04,2.517850823588332176e+09,2.164667152680576123e+01
3.548133892335752898e+04,4.000000000000000000e+00,2.818382931264455212e-05,2.818382931264455212e-05,2.818382931264455212e-05,1.419253556934301159e+05,5.035701647176664352e+09,2.233981870736570485e+01
3.981071705534977082e+04,1.000000000000000000e+00,2.511886431509577106e-05,2.511886431509577106e-05,2.511886431509577106e-05,3.981071705534977082e+04,1.584893192461117268e+09,2.118378285554522122e+01
3.981071705534977082e+04,2.000000000000000000e+00,2.511886431509577106e-05,2.511886431509577106e-05,2.511886431509577106e-05,7.962143411069954163e+04,3.169786384922234535e+09,2.187693003610516840e+01
3.981071705534977082e+04,4.000000000000000000e+00,2.511886431509577106e-05,2.511886431509577106e-05,2.511886431509577106e-05,1.592428682213990833e+05,6.339572769844469070e+09,2.257007721666511202e+01
4.466835921509634500e+04,1.000000000000000000e+00,2.238721138568337924e-05,2.238721138568337924e-05,2.238721138568337924e-05,4.466835921509634500e+04,1.995262314968882561e+09,2.141404136484462484e+01
4.466835921509634500e+04,2.000000000000000000e+00,2.238721138568337924e-05,2.238721138568337924e-05,2.238721138568337924e-05,8.933671843019268999e+04,3.990524629937765121e+09,2.210718854540457201e+01
4.466835921509634500e+04,4.000000000000000000e+00,2.238721138568337924e-05,2.238721138568337924e-05,2.238721138568337924e-05,1.786734368603853800e+05,7.981049259875530243e+09,2.280033572596451563e+01
5.011872336272725079e+04,1.000000000000000000e+00,1.995262314968878622e-05,1.995262314968878622e-05,1.995262314968878622e-05,5.011872336272725079e+04,2.511886431509582520e+09,2.164429987414403200e+01
5.011872336272725079e+04,2.000000000000000000e+00,1.995262314968878622e-05,1.995262314968878622e-05,1.995262314968878622e-05,1.002374467254545016e+05,5.023772863019165039e+09,2.233744705470397562e+01
5.011872336272725079e+04,4.000000000000000000e+00,1.995262314968878622e-05,1.995262314968878622e-05,1.995262314968878622e-05,2.004748934509090031e+05,1.004754572603833008e+10,2.303059423526391924e+01
5.623413251903490891e+04,1.000000000000000000e+00,1.778279410038922901e-05,1.778279410038922901e-05,1.778279410038922901e-05,5.623413251903490891e+04,3.162277660168379307e+09,2.187455838344343562e+01
5.623413251903490891e+04,2.000000000000000000e+00,1.778279410038922901e-05,1.778279410038922901e-05,1.778279410038922901e-05,1.124682650380698178e+05,6.324555320336758614e+09,2.256770556400337924e+01
5.623413251903490891e+04,4.000000000000000000e+00,1.778279410038922901e-05,1.778279410038922901e-05,1.778279410038922901e-05,2.249365300761396356e+05,1.264911064067351723e+10,2.326085274456332286e+01
6.309573444801942969e+04,1.000000000000000000e+00,1.584893192461110734e-05,1.584893192461110734e-05,1.584893192461110734e-05,6.309573444801942969e+04,3.981071705534986019e+09,2.210481689274284278e+01
6.309573444801942969e+04,2.000000000000000000e+00,1.584893192461110734e-05,1.584893192461110734e-05,1.584893192461110734e-05,1.261914688960388594e+05,7.962143411069972038e+09,2.279796407330278640e+01
6.309573444801942969e+04,4.000000000000000000e+00,1.584893192461110734e-05,1.584893192461110734e-05,1.584893192461110734e-05,2.523829377920777188e+05,1.592428682213994408e+10,2.349111125386273358e+01
7.079457843841388240e+04,1.000000000000000000e+00,1.412537544622752446e-05,1.412537544622752446e-05,1.412537544622752446e-05,7.079457843841388240e+04,5.011872336272735596e+09,2.233507540204224640e+01
7.079457843841388240e+04,2.000000000000000000e+00,1.412537544622752446e-05,1.412537544622752446e-05,1.412537544622752446e-05,1.415891568768277648e+05,1.002374467254547119e+10,2.302822258260219002e+01
7.079457843841388240e+04,4.000000000000000000e+00,1.412537544622752446e-05,1.412537544622752446e-05,1.412537544622752446e-05,2.831783137536555296e+05,2.004748934509094238e+10,2.372136976316213719e+01
7.943282347242820833e+04,1.000000000000000000e+00,1.258925411794166284e-05,1.258925411794166284e-05,1.258925411794166284e-05,7.943282347242820833e+04,6.309573444801941872e+09,2.256533391134165001e+01
7.943282347242820833e+04,2.000000000000000000e+00,1.258925411794166284e-05,1.258925411794166284e-05,1.258925411794166284e-05,1.588656469448564167e+05,1.261914688960388374e+10,2.325848109190159363e+01
7.943282347242820833e+04,4.000000000000000000e+00,1.258925411794166284e-05,1.258925411794166284e-05,1.258925411794166284e-05,3.177312938897128333e+05,2.523829377920776749e+10,2.395162827246154080e+01
8.912509381337459490e+04,1.000000000000000000e+00,1.122018454301962840e-05,1.122018454301962840e-05,1.122018454301962840e-05,8.912509381337459490e+04,7.943282347242822647e+09,2.279559242064105362e+01
8.912509381337459490e+04,2.000000000000000000e+00,1.122018454301962840e-05,1.122018454301962840e-05,1.122018454301962840e-05,1.782501876267491898e+05,1.588656469448564529e+10,2.348873960120099724e+01
8.912509381337459490e+04,4.000000000000000000e+00,1.122018454301962840e-05,1.122018454301962840e-05,1.122018454301962840e-05,3.565003752534983796e+05,3.177312938897129059e+10,2.418188678176094442e+01
1.000000000000000000e+05,1.000000000000000000e+00,1.000000000000000082e-05,1.000000000000000082e-05,1.000000000000000082e-05,1.000000000000000000e+05,1.000000000000000000e+10,2.302585092994045723e+01
1.000000000000000000e+05,2.000000000000000000e+00,1.000000000000000082e-05,1.000000000000000082e-05,1.000000000000000082e-05,2.000000000000000000e+05,2.000000000000000000e+10,2.371899811050040086e+01
1.000000000000000000e+05,4.000000000000000000e+00,1.000000000000000082e-05,1.000000000000000082e-05,1.000000000000000082e-05,4.000000000000000000e+05,4.000000000000000000e+10,2.441214529106034803e+01
1.122018454301965248e+05,1.000000000000000000e+00,8.912509381337440823e-06,8.912509381337440823e-06,8.912509381337440823e-06,1.122018454301965248e+05,1.258925411794171333e+10,2.325610943923986440e+01
1.122018454301965248e+05,2.000000000000000000e+00,8.912509381337440823e-06,8.912509381337440823e-06,8.912509381337440823e-06,2.244036908603930497e+05,2.517850823588342667e+10,2.394925661979981157e+01
1.122018454301965248e+05,4.000000000000000000e+00,8.912509381337440823e-06,8.912509381337440823e-06,8.912509381337440823e-06,4.488073817207860993e+05,5.035701647176685333e+10,2.464240380035975519e+01
1.258925411794168758e+05,1.000000000000000000e+00,7.943282347242804805e-06,7.943282347242804805e-06,7.943282347242804805e-06,1.258925411794168758e+05,1.584893192461117554e+10,2.348636794853926801e+01
1.258925411794168758e+05,2.000000000000000000e+00,7.943282347242804805e-06,7.943282347242804805e-06,7.943282347242804805e-06,2.517850823588337516e+05,3.169786384922235107e+10,2.417951512909921519e+01
1.258925411794168758e+05,4.000000000000000000e+00,7.943282347242804805e-06,7.943282347242804805e-06,7.943282347242804805e-06,5.035701647176675033e+05,6.339572769844470215e+10,2.487266230965915881e+01
1.412537544622755377e+05,1.000000000000000000e+00,7.079457843841374141e-06,7.079457843841374141e-06,7.079457843841374141e-06,1.412537544622755377e+05,1.995262314968882370e+10,2.371662645783867163e+01
1.412537544622755377e+05,2.000000000000000000e+00,7.079457843841374141e-06,7.079457843841374141e-06,7.079457843841374141e-06,2.825075089245510753e+05,3.990524629937764740e+10,2.440977363839861880e+01
1.412537544622755377e+05,4.000000000000000000e+00,7.079457843841374141e-06,7.079457843841374141e-06,7.079457843841374141e-06,5.650150178491021506e+05,7.981049259875529480e+10,2.510292081895856242e+01
1.584893192461114086e+05,1.000000000000000000e+00,6.309573444801930485e-06,6.309573444801930485e-06,6.309573444801930485e-06,1.584893192461114086e+05,2.511886431509581757e+10,2.394688496713807524e+01
1.584893192461114086e+05,2.000000000000000000e+00,6.309573444801930485e-06,6.309573444801930485e-06,6.309573444801930485e-06,3.169786384922228171e+05,5.023772863019163513e+10,2.464003214769802241e+01
1.584893192461114086e+05,4.000000000000000000e+00,6.309573444801930485e-06,6.309573444801930485e-06,6.309573444801930485e-06,6.339572769844456343e+05,1.004754572603832703e+11,2.533317932825796603e+01
1.778279410038922797e+05,1.000000000000000000e+00,5.623413251903491208e-06,5.623413251903491208e-06,5.623413251903491208e-06,1.778279410038922797e+05,3.162277660168379211e+10,2.417714347643747885e+01
1.778279410038922797e+05,2.000000000000000000e+00,5.623413251903491208e-06,5.623413251903491208e-06,5.623413251903491208e-06,3.556558820077845594e+05,6.324555320336758423e+10,2.487029065699742603e+01
1.778279410038922797e+05,4.000000000000000000e+00,5.623413251903491208e-06,5.623413251903491208e-06,5.623413251903491208e-06,7.113117640155691188e+05,1.264911064067351685e+11,2.556343783755736965e+01
1.995262314968883002e+05,1.000000000000000000e+00,5.011872336272713959e-06,5.011872336272713959e-06,5.011872336272713959e-06,1.995262314968883002e+05,3.981071705534986115e+10,2.440740198573688602e+01
1.995262314968883002e+05,2.000000000000000000e+00,5.011872336272713959e-06,5.011872336272713959e-06,5.011872336272713959e-06,3.990524629937766003e+05,7.962143411069972229e+10,2.510054916629683319e+01
1.995262314968883002e+05,4.000000000000000000e+00,5.011872336272713959e-06,5.011872336272713959e-06,5.011872336272713959e-06,7.981049259875532007e+05,1.592428682213994446e+11,2.579369634685677681e+01
2.238721138568342431e+05,1.000000000000000000e+00,4.466835921509625335e-06,4.466835921509625335e-06,4.466835921509625335e-06,2.238721138568342431e+05,5.011872336272735596e+10,2.463766049503628963e+01
2.238721138568342431e+05,2.000000000000000000e+00,4.466835921509625335e-06,4.466835921509625335e-06,4.466835921509625335e-06,4.477442277136684861e+05,1.002374467254547119e+11,2.533080767559623681e+01
2.238721138568342431e+05,4.000000000000000000e+00,4.466835921509625335e-06,4.466835921509625335e-06,4.466835921509625335e-06,8.954884554273369722e+05,2.004748934509094238e+11,2.602395485615618043e+01
2.511886431509582035e+05,1.000000000000000000e+00,3.981071705534969119e-06,3.981071705534969119e-06,3.981071705534969119e-06,2.511886431509582035e+05,6.309573444801942444e+10,2.486791900433569324e+01
2.511886431509582035e+05,2.000000000000000000e+00,3.981071705534969119e-06,3.981071705534969119e-06,3.981071705534969119e-06,5.023772863019164070e+05,1.261914688960388489e+11,2.556106618489564042e+01
2.511886431509582035e+05,4.000000000000000000e+00,3.981071705534969119e-06,3.981071705534969119e-06,3.981071705534969119e-06,1.004754572603832814e+06,2.523829377920776978e+11,2.625421336545558404e+01
2.818382931264454965e+05,1.000000000000000000e+00,3.548133892335752933e-06,3.548133892335752933e-06,3.548133892335752933e-06,2.818382931264454965e+05,7.943282347242822266e+10,2.509817751363510041e+01
2.818382931264454965e+05,2.000000000000000000e+00,3.548133892335752933e-06,3.548133892335752933e-06,3.548133892335752933e-06,5.636765862528909929e+05,1.588656469448564453e+11,2.579132469419504403e+01
2.818382931264454965e+05,4.000000000000000000e+00,3.548133892335752933e-06,3.548133892335752933e-06,3.548133892335752933e-06,1.127353172505781986e+06,3.177312938897128906e+11,2.648447187475499121e+01
3.162277660168379080e+05,1.000000000000000000e+00,3.162277660168379615e-06,3.162277660168379615e-06,3.162277660168379615e-06,3.162277660168379080e+05,9.999999999999998474e+10,2.532843602293450402e+01
3.162277660168379080e+05,2.000000000000000000e+00,3.162277660168379615e-06,3.162277660168379615e-06,3.162277660168379615e-06,6.324555320336758159e+05,1.999999999999999695e+11,2.602158320349444764e+01
3.162277660168379080e+05,4.000000000000000000e+00,3.162277660168379615e-06,3.162277660168379615e-06,3.162277660168379615e-06,1.264911064067351632e+06,3.999999999999999390e+11,2.671473038405439127e+01
3.548133892335760174e+05,1.000000000000000000e+00,2.818382931264449199e-06,2.818382931264449199e-06,2.818382931264449199e-06,3.548133892335760174e+05,1.258925411794171295e+11,2.555869453223391119e+01
3.548133892335760174e+05,2.000000000000000000e+00,2.818382931264449199e-06,2.818382931264449199e-06,2.818382931264449199e-06,7.096267784671520349e+05,2.517850823588342590e+11,2.625184171279385481e+01
3.548133892335760174e+05,4.000000000000000000e+00,2.818382931264449199e-06,2.818382931264449199e-06,2.818382931264449199e-06,1.419253556934304070e+06,5.035701647176685181e+11,2.694498889335380198e+01
3.981071705534977373e+05,1.000000000000000000e+00,2.511886431509577191e-06,2.511886431509577191e-06,2.511886431509577191e-06,3.981071705534977373e+05,1.584893192461117249e+11,2.578895304153331480e+01
3.981071705534977373e+05,2.000000000000000000e+00,2.511886431509577191e-06,2.511886431509577191e-06,2.511886431509577191e-06,7.962143411069954745e+05,3.169786384922234497e+11,2.648210022209325842e+01
3.981071705534977373e+05,4.000000000000000000e+00,2.511886431509577191e-06,2.511886431509577191e-06,2.511886431509577191e-06,1.592428682213990949e+06,6.339572769844468994e+11,2.717524740265320560e+01
4.466835921509634936e+05,1.000000000000000000e+00,2.238721138568337585e-06,2.238721138568337585e-06,2.238721138568337585e-06,4.466835921509634936e+05,1.995262314968883057e+11,2.601921155083271842e+01
4.466835921509634936e+05,2.000000000000000000e+00,2.238721138568337585e-06,2.238721138568337585e-06,2.238721138568337585e-06,8.933671843019269872e+05,3.990524629937766113e+11,2.671235873139266204e+01
4.466835921509634936e+05,4.000000000000000000e+00,2.238721138568337585e-06,2.238721138568337585e-06,2.238721138568337585e-06,1.786734368603853974e+06,7.981049259875532227e+11,2.740550591195260921e+01
5.011872336272724788e+05,1.000000000000000000e+00,1.995262314968878707e-06,1.995262314968878707e-06,1.995262314968878707e-06,5.011872336272724788e+05,2.511886431509582214e+11,2.624947006013212203e+01
5.011872336272724788e+05,2.000000000000000000e+00,1.995262314968878707e-06,1.995262314968878707e-06,1.995262314968878707e-06,1.002374467254544958e+06,5.023772863019164429e+11,2.694261724069206565e+01
5.011872336272724788e+05,4.000000000000000000e+00,1.995262314968878707e-06,1.995262314968878707e-06,1.995262314968878707e-06,2.004748934509089915e+06,1.004754572603832886e+12,2.763576442125201282e+01
5.623413251903491328e+05,1.000000000000000000e+00,1.778279410038922689e-06,1.778279410038922689e-06,1.778279410038922689e-06,5.623413251903491328e+05,3.162277660168380127e+11,2.647972856943152564e+01
5.623413251903491328e+05,2.000000000000000000e+00,1.778279410038922689e-06,1.778279410038922689e-06,1.778279410038922689e-06,1.124682650380698266e+06,6.324555320336760254e+11,2.717287574999146926e+01
5.623413251903491328e+05,4.000000000000000000e+00,1.778279410038922689e-06,1.778279410038922689e-06,1.778279410038922689e-06,2.249365300761396531e+06,1.264911064067352051e+12,2.786602293055141644e+01
6.309573444801942678e+05,1.000000000000000000e+00,1.584893192461110904e-06,1.584893192461110904e-06,1.584893192461110904e-06,6.309573444801942678e+05,3.981071705534985352e+11,2.670998707873093281e+01
6.309573444801942678e+05,2.000000000000000000e+00,1.584893192461110904e-06,1.584893192461110904e-06,1.584893192461110904e-06,1.261914688960388536e+06,7.962143411069970703e+11,2.740313425929087998e+01
6.309573444801942678e+05,4.000000000000000000e+00,1.584893192461110904e-06,1.584893192461110904e-06,1.584893192461110904e-06,2.523829377920777071e+06,1.592428682213994141e+12,2.809628143985082360e+01
7.079457843841387657e+05,1.000000000000000000e+00,1.412537544622752658e-06,1.412537544622752658e-06,1.412537544622752658e-06,7.079457843841387657e+05,5.011872336272734985e+11,2.694024558803033642e+01
7.079457843841387657e+05,2.000000000000000000e+00,1.412537544622752658e-06,1.412537544622752658e-06,1.412537544622752658e-06,1.415891568768277531e+06,1.002374467254546997e+12,2.763339276859028359e+01
7.079457843841387657e+05,4.000000000000000000e+00,1.412537544622752658e-06,1.412537544622752658e-06,1.412537544622752658e-06,2.831783137536555063e+06,2.004748934509093994e+12,2.832653994915022722e+01
7.943282347242821706e+05,1.000000000000000000e+00,1.258925411794166114e-06,1.258925411794166114e-06,1.258925411794166114e-06,7.943282347242821706e+05,6.309573444801943359e+11,2.717050409732974003e+01
7.943282347242821706e+05,2.000000000000000000e+00,1.258925411794166114e-06,1.258925411794166114e-06,1.258925411794166114e-06,1.588656469448564341e+06,1.261914688960388672e+12,2.786365127788968721e+01
7.943282347242821706e+05,4.000000000000000000e+00,1.258925411794166114e-06,1.258925411794166114e-06,1.258925411794166114e-06,3.177312938897128683e+06,2.523829377920777344e+12,2.855679845844963083e+01
8.912509381337459199e+05,1.000000000000000000e+00,1.122018454301962840e-06,1.122018454301962840e-06,1.122018454301962840e-06,8.912509381337459199e+05,7.943282347242822266e+11,2.740076260662914365e+01
8.912509381337459199e+05,2.000000000000000000e+00,1.122018454301962840e-06,1.122018454301962840e-06,1.122018454301962840e-06,1.782501876267491840e+06,1.588656469448564453e+12,2.809390978718909082e+01
8.912509381337459199e+05,4.000000000000000000e+00,1.122018454301962840e-06,1.122018454301962840e-06,1.122018454301962840e-06,3.565003752534983680e+06,3.177312938897128906e+12,2.878705696774903444e+01
1.000000000000000000e+06,1.000000000000000000e+00,9.999999999999999547e-07,9.999999999999999547e-07,9.999999999999999547e-07,1.000000000000000000e+06,1.000000000000000000e+12,2.763102111592854726e+01
1.000000000000000000e+06,2.000000000000000000e+00,9.999999999999999547e-07,9.999999999999999547e-07,9.999999999999999547e-07,2.000000000000000000e+06,2.000000000000000000e+12,2.832416829648849443e+01
1.000000000000000000e+06,4.000000000000000000e+00,9.999999999999999547e-07,9.999999999999999547e-07,9.999999999999999547e-07,4.000000000000000000e+06,4.000000000000000000e+12,2.901731547704843805e+01
