s,rho,L,reach,curv_radius,half_nonlocal_sep,eps_over_reach
0.0,-0.175707124215354,10.34215694928354,0.04038652746614087,0.04038652746614087,0.06119789170402739,0.24760732420938567
0.015,-0.09332690158418828,10.41233373922008,0.0955640377243298,0.0955640377243298,0.11226866311589191,0.1046418740577564
0.03,-0.09182751621359056,10.42028558172064,0.09624700475610758,0.09624700475610758,0.11272938260248566,0.10389933718291038
0.045,-0.09032870291741048,10.433237005644548,0.09664336005480434,0.09664336005480434,0.11337347057800125,0.1034732235544089
0.06,-0.08882563415491598,10.447337902845888,0.09713533826129168,0.09713533826129168,0.11405566928629607,0.10294914476027504
0.07499999999999998,-0.08732836987636472,10.462341054344103,0.09774658581902354,0.09774658581902354,0.11476651475653483,0.10230536357059941
0.08999999999999998,-0.08584088341399113,10.47816447724119,0.09848824992580242,0.09848824992580242,0.11550133646288578,0.10153495475382747
0.105,-0.084366673887088,10.494755419073652,0.09937091045817707,0.09937091045817707,0.11625865011411594,0.10063307213240005
0.12,-0.08290887278701005,10.512069654238024,0.10040826261040518,0.10040826261040518,0.11703953556534348,0.09959339739599989
0.135,-0.0814697036677159,10.53006831521274,0.10161892032926799,0.10161892032926799,0.11784751259903546,0.09840687115743572
0.15,-0.08005007494012673,10.548717589637368,0.10302772237108693,0.10302772237108693,0.11750632504937614,0.09706125467844312
0.165,-0.07864945085578881,10.567988608791632,0.10466674236756258,0.10466674236756258,0.11561684682076391,0.09554133217295119
0.18,-0.07726599753585926,10.587857318059443,0.10657596351502333,0.10657596351502333,0.11388665614226642,0.0938297874134665
0.195,-0.0758969300019029,10.608304706656218,0.10880357344028208,0.10880357344028208,0.11235949088037205,0.09190874604397621
0.21,-0.07453894806156301,10.629317813103938,0.11106568767359908,0.11140587926911912,0.11106568767359908,0.09003680803191079
0.225,-0.0731886384417701,10.650891710749788,0.11002316163312649,0.11163964771207159,0.11002316163312649,0.09088995309319611
0.24,-0.0718427349061184,10.673032335491882,0.1092389014744508,0.11074205962631856,0.1092389014744508,0.09154248042615878
0.255,-0.07049816215580311,10.695759672028304,0.10871101559255118,0.10976466396880591,0.10871101559255118,0.0919869982401783
0.27,-0.06915183388656806,10.719110615906986,0.1079780150018088,0.10870778155418902,0.1079780150018088,0.0926114450226973
0.28500000000000003,-0.067800219420661,10.743140904300414,0.10482308654138933,0.10757283135768836,0.10482308654138933,0.09539883178360242
0.3,-0.06643873093472893,10.767925891032922,0.10169722997338358,0.10636241887428316,0.10169722997338358,0.0983310951794579
0.315,-0.06506101777224742,10.793560507223498,0.09865035702354417,0.10508053532050263,0.09865035702354417,0.1013681075438315
0.33,-0.06365829064910973,10.820159205478989,0.09574410137908078,0.10373287294605714,0.09574410137908078,0.10444507657351004
0.345,-0.062218828509695005,10.847856639041122,0.09305181880537292,0.10229372962445775,0.09305181880537292,0.10746700202514031
0.36,-0.060727820488669135,10.8768089632393,0.09065868636254952,0.09878934278530978,0.09065868636254952,0.11030382637587975
0.375,-0.05916764584568661,10.907194010789103,0.08866261984007685,0.09535952492806178,0.08866261984007685,0.11278710259224539
0.39,-0.05751860345636559,10.939206817429737,0.0871758125666201,0.09205789944421101,0.0871758125666201,0.11471071740636728
0.405,-0.05576000688382206,10.973046137722124,0.08632479197966365,0.08896162408025012,0.08632479197966365,0.11584157656998229
0.42,-0.053871546038959765,11.008888303770254,0.08618586730834371,0.08618586730834371,0.08624498827730644,0.11602830385431294
0.435,-0.05183502023537847,11.04684541967814,0.08390445022864758,0.08390445022864758,0.08706572039260967,0.11918318960137457
0.45,-0.04963683807272013,11.0869015917381,0.08237538885179718,0.08237538885179718,0.08888377834664846,0.1213954815799553
0.465,-0.04727108918735309,11.128817643409523,0.08195827412589234,0.08195827412589234,0.08718766775963978,0.12201330624214292
0.48,-0.04474170462937632,11.172023894636087,0.08242467033945355,0.08309146524830689,0.08242467033945355,0.12132289954957066
0.495,-0.04206577140013292,11.215622970840723,0.07892910040916239,0.08621023827671756,0.07892910040916239,0.1266959834606092
0.51,-0.03928448950981681,11.258707119275046,0.07694084777541368,0.08876870955700397,0.07694084777541368,0.12996997419614453
0.525,-0.03646882000868203,11.30096760941389,0.07650168837530541,0.08892376444609809,0.07650168837530541,0.13071606931002036
0.54,-0.03369396166426283,11.343106430029652,0.07755433884561948,0.0897117149726699,0.07755433884561948,0.12894185095054592
0.555,-0.030971661767215615,11.386623676357893,0.08006551312021928,0.09122586644167503,0.08006551312021928,0.124897719508584
0.5700000000000001,-0.02812500956814291,11.43329209353795,0.07473000863007336,0.09355716468101301,0.07473000863007336,0.13381505212319394
0.585,-0.02477006761953957,11.484908882528567,0.06815043131094474,0.08931745364701874,0.06815043131094474,0.14673421440832513
0.6,-0.020699796527870983,11.54316489091615,0.06357039629944335,0.08407114906225285,0.06357039629944335,0.1573059251179714
0.615,-0.016442329016634744,11.608226100589992,0.06296544480086032,0.08076944663146048,0.06296544480086032,0.15881726924389752
0.63,-0.012530390603342,11.676223154635808,0.062694034838029,0.07989637249355477,0.062694034838029,0.15950480816612223
0.645,-0.008413273151669964,11.744279227251067,0.06212954776667304,0.08160081273149171,0.06212954776667304,0.16095401237354745
0.66,-0.003600123495181849,11.815563755630652,0.05533477928608346,0.0875689371500478,0.05533477928608346,0.18071816909758545
0.675,0.0008855977846397939,11.889624724441115,0.05509263449852501,0.09414815904277021,0.05509263449852501,0.18151246697537635
0.6900000000000001,0.0046877796725118236,11.956010253898542,0.05936281478905254,0.08941155208620305,0.05936281478905254,0.1684556238705204
0.705,0.01234465331664749,12.02203399991473,0.04919214540175453,0.0849379176799214,0.04919214540175453,0.20328448613756397
0.72,0.02678501915455316,12.108503764115959,0.041625060394283334,0.08131878257780481,0.041625060394283334,0.24023989167288684
0.735,0.03085233207441574,12.218693293523533,0.04659538730735433,0.07955688175689599,0.04659538730735433,0.21461351815873117
0.75,0.025858667270125684,12.320340120791531,0.042673195765009275,0.079998626395887,0.042673195765009275,0.23433914007911488
0.765,0.03444319755671329,12.437835384606993,0.03157004656683262,0.08038477875240037,0.03157004656683262,0.31675594709150556
0.78,0.035403977223685094,12.541557767644024,0.04403846922197493,0.08303625219555316,0.04403846922197493,0.22707419618959102
0.795,0.06478571768612301,12.635791969608617,0.031988775611584364,0.09197441581590658,0.031988775611584364,0.31260965162976156
0.81,0.07598380329395536,12.817962967010216,0.0346001992226983,0.09308489311666765,0.0346001992226983,0.28901567692245644
0.825,0.04720875973410506,12.90930393456327,0.03991710848889909,0.09689124123689237,0.03991710848889909,0.250519147767955
0.8399999999999999,0.0528567722843297,13.092680057180496,0.03833746612034199,0.1058797100541152,0.03833746612034199,0.2608414434227297
0.855,0.04158404775388604,13.198457470275747,0.035637839719623976,0.09952789479106626,0.035637839719623976,0.28060062222271853
0.87,0.07575948784685164,13.382503539068937,0.026258707620452043,0.0930307302303681,0.026258707620452043,0.38082605376249856
0.885,0.04428167218498537,13.561732160904096,0.04567222699063983,0.09851732903129636,0.04567222699063983,0.21895144289875382
0.9,0.08128487728334872,13.744306496576971,0.027055495497950825,0.10466647742985866,0.027055495497950825,0.36961067672027653
0.915,0.0455985331122021,13.976886582161958,0.0358865257297503,0.10453679992636533,0.0358865257297503,0.27865611943899876
0.93,0.06676559992825505,14.247411535688464,0.04691500187604322,0.09970531277595424,0.04691500187604322,0.21315143557750602
0.945,0.05191347077473102,14.423665568350758,0.03684493389490225,0.10658932486173135,0.03684493389490225,0.27140773351702413
0.96,0.07782809693275998,14.684807012782368,0.03317972963141104,0.11673833915589032,0.03317972963141104,0.30138883321499593
0.975,-0.0852599191434972,14.876262837993352,0.016713785890996664,0.11158052405956846,0.016713785890996664,0.5983084900822364
0.9900000000000002,0.1243067379559292,15.072427665182431,0.03609884307752872,0.09825845235855805,0.03609884307752872,0.2770171880168905
1.005,0.1790522384997577,15.413582586088172,0.02178097150860624,0.1000781012081325,0.02178097150860624,0.459116343641914
1.02,-0.08547073348939395,15.614919533762384,0.018854088591817503,0.1109270530928991,0.018854088591817503,0.5303889366649049
1.035,0.20564711680976447,15.809857868173278,0.025507299416675688,0.12698234478201476,0.025507299416675688,0.39204463932635636
1.05,0.111402249280738,16.05787814615601,0.049835796317339816,0.1110611477590224,0.049835796317339816,0.20065897886577183
1.065,0.18661235423242745,16.267763345245523,0.027867020900116793,0.09970836513904867,0.027867020900116793,0.35884711307472733
1.08,0.13163556229018797,16.591665678961647,0.04092799823837955,0.10765451657743304,0.04092799823837955,0.24433151950790172
1.095,0.10071642440801148,16.778705867770192,0.04098876148695317,0.11467238360759471,0.04098876148695317,0.24396931347103587
1.11,0.22723042996687048,16.966098687880923,0.021488707299596177,0.1364081068488864,0.021488707299596177,0.4653607060015157
1.125,0.11263675906362698,17.256601164584758,0.044056077707112916,0.09431792753305081,0.044056077707112916,0.22698343839141827
1.14,0.46931771766569286,17.610913404546913,0.016306592834043808,0.10699131768714214,0.016306592834043808,0.6132488927498498
1.155,0.14441144534825923,17.736525354269634,0.04138449950139571,0.12044525942282533,0.04138449950139571,0.24163636435092675
1.17,0.12136156184384468,18.07630308986592,0.026471395491879005,0.09785785449459213,0.026471395491879005,0.37776625728204766
1.185,0.16828319850946682,18.26192515213724,0.029234751303194376,0.08947708621689703,0.029234751303194376,0.34205866491866943
1.2,0.12080305506806396,18.580865080873743,0.05861769125467463,0.11123657688827648,0.05861769125467463,0.17059696118963955
1.215,0.12826660487973765,18.75063323138052,0.04284440181569555,0.1241893067216188,0.04284440181569555,0.23340272185423805
1.23,0.17105974109215172,19.049807790481292,0.046134713569866016,0.12251744654578747,0.046134713569866016,0.21675652076729784
1.245,0.13999428554400775,19.187272631585813,0.04372929993277979,0.10703332480367868,0.04372929993277979,0.22867962705490125
1.26,0.13069523973613772,19.392493967283436,0.015173995103363869,0.1000302227707816,0.015173995103363869,0.6590222240010567
1.275,0.32834142102503794,19.77545478254694,0.035754260402921255,0.1311513724299189,0.035754260402921255,0.2796869488365354
1.29,0.19692623850430563,19.981957184227603,0.028287867677987338,0.1346366629897212,0.028287867677987338,0.35350844092719164
1.305,0.3181627986310616,20.25824192694128,0.02766020479286887,0.1254838122123486,0.02766020479286887,0.3615302227472343
1.32,0.2028939820922276,20.383671625064885,0.030913553796759558,0.10958167562868858,0.030913553796759558,0.32348270489199554
1.335,0.3469085294678781,20.51958395047613,0.02456161822199757,0.1077108365587667,0.02456161822199757,0.40713929797361337
1.35,0.25988689137596765,20.69212008596037,0.02139144175271872,0.10307678314513069,0.02139144175271872,0.467476672007349
1.365,0.4473140108135447,20.997766748654254,0.01868255102075629,0.13637048074746722,0.01868255102075629,0.5352588085476129
1.38,0.28902167447344745,20.96696132693502,0.038268388544696996,0.146740845344144,0.038268388544696996,0.26131228359198155
1.395,0.20072139342431264,21.121477276179355,0.02979277342473234,0.14500253917059247,0.02979277342473234,0.33565186622399323
1.41,0.2805014093160232,21.291485182356915,0.029634590722920597,0.10400217371379013,0.029634590722920597,0.3374434995069999
1.425,0.25591397668803906,21.15818588448553,0.016708542780387924,0.06640995679068293,0.016708542780387924,0.5984962382080233
1.44,0.21839376375916272,21.321249083723487,0.043626993074438805,0.0486729814447307,0.043626993074438805,0.22921588895520356
1.455,0.1809138483766158,21.411729068139536,0.04327409098563296,0.06356436606630114,0.04327409098563296,0.2310851544708359
1.47,0.25269020652939933,21.557144652370972,0.029579415712565362,0.11028698310918418,0.029579415712565362,0.33807293886985035
1.485,0.61151440029717,21.74972697001872,0.015090096155463271,0.08492468230743146,0.015090096155463271,0.6626863008013083
1.5,0.35822807788435373,21.86679763560953,0.030112863059132303,0.14193982544018843,0.030112863059132303,0.3320839994643853
1.515,0.5387738923521365,21.91469588898939,0.03003135462267505,0.152963847008815,0.03003135462267505,0.33298531237247425
1.53,0.28378505284644223,22.076108576160607,0.028383637949964364,0.16211093701688178,0.028383637949964364,0.35231565515415386
1.545,0.2075988491850122,22.220226019996165,0.0347325235580755,0.13059760513663105,0.0347325235580755,0.2879145819415977
1.56,0.43061357974198367,22.354109119200263,0.03313592312675364,0.1158387866195798,0.03313592312675364,0.3017872766588504
1.575,0.5432569233437814,22.59148447505943,0.02476203197067893,0.11513171755047172,0.02476203197067893,0.4038440791870853
1.59,0.4746823522841536,22.705792736464208,0.022343816328324755,0.1351948170883827,0.022343816328324755,0.44755111897886596
1.605,0.38752696175917056,22.733497544218174,0.019137086066215978,0.13302042629643765,0.019137086066215978,0.5225455936917006
1.62,-0.6085954622721688,23.23568996021528,0.005891939707141259,0.13078754289236683,0.005891939707141259,1.697233932635056
1.635,0.6013181426346609,23.2115614616273,0.03043528071822281,0.11833467028744415,0.03043528071822281,0.3285660511096454
1.65,0.5824067549029873,23.11608619303931,0.019873517905437798,0.12330475974191257,0.019873517905437798,0.503182176783296
1.665,0.10435291244386576,23.04083225901313,0.022193549678011983,0.09290166671748902,0.022193549678011983,0.45058136914021424
1.68,0.2128711792493564,22.97635505162295,0.01952068929376875,0.09483630785815424,0.01952068929376875,0.5122769923494518
1.695,0.47592738636868487,22.998320993663707,0.030006434351281606,0.12178065162281909,0.030006434351281606,0.3332618558716854
1.71,0.4936812787130828,22.95255871896529,0.03192561626294611,0.08502072794399106,0.03192561626294611,0.3132280961356514
1.725,0.43848460377439485,23.13004617656583,0.03848591285745325,0.0913641275115644,0.03848591285745325,0.2598353334384631
1.74,0.29893438265560823,23.198087659106886,0.05231943891757938,0.061691694392922734,0.05231943891757938,0.1911335481971308
1.755,0.34800937205158927,23.380101518578897,0.016777622696231714,0.10706764269559844,0.016777622696231714,0.5960319993514945
1.77,0.30523951733147336,23.40178508905646,0.04668173007115511,0.11532068504269745,0.04668173007115511,0.21421656791120203
1.785,0.40219123030342085,23.44249765345799,0.049537548425810395,0.11141791278152868,0.049537548425810395,0.20186707493158323
1.8,0.5944998157401837,23.582140923856237,0.044108660316133176,0.08985726094581083,0.044108660316133176,0.22671284796066232
1.815,0.36423942079963506,23.556313336660356,0.05091368838810306,0.11382400936908811,0.05091368838810306,0.1964108340329295
1.83,0.40527477847808785,23.576297547380108,0.03363088024595364,0.13542545566302375,0.03363088024595364,0.29734577052003175
1.845,0.48914889960046326,23.71685144510894,0.036404349000527005,0.10059867312926256,0.036404349000527005,0.2746924550101208
1.86,0.6249163433996714,23.682209919143567,0.0328993601299244,0.12580146397974237,0.0328993601299244,0.30395727942757955
1.875,0.5427321789774895,23.74191878253807,0.03483054728142894,0.1077604326031819,0.03483054728142894,0.28710430299014655
1.89,0.3416858474884624,23.836237737563927,0.05158906075237442,0.11954743343153747,0.05158906075237442,0.19383954377459264
1.905,0.3921248873224398,23.9678021336193,0.035978049493542295,0.11973693646955313,0.035978049493542295,0.27794725230435025
1.92,0.8105990991588273,24.18413258862327,0.03042584671683613,0.1040486741788436,0.03042584671683613,0.32866792806349426
1.935,0.43703821691793365,24.283842417066538,0.04137256342410989,0.10857699865779569,0.04137256342410989,0.24170607698367788
1.95,0.33292645422074973,24.375210932670672,0.04881895413724492,0.11990804814566536,0.04881895413724492,0.204838472612235
1.965,0.3083760433895658,24.461325061178627,0.06111849767554392,0.129572175798915,0.06111849767554392,0.16361658712696764
1.98,0.3172249537722341,24.551217596382717,0.05835092492016904,0.1322968808173854,0.05835092492016904,0.17137688928977873
1.995,0.4193422480342228,24.654223491157303,0.04428761051300409,0.12795679534697152,0.04428761051300409,0.22579678343819698
2.01,0.7629466085992392,24.787410431836776,0.02514882455744089,0.1093330210767317,0.02514882455744089,0.3976328983948977
2.025,0.4056119873723077,24.884824813969004,0.04805985849674603,0.12099187364282128,0.04805985849674603,0.20807385441380494
2.04,0.3382036845858484,24.947260022232072,0.04517129143632838,0.12305837866335471,0.04517129143632838,0.22137954621234585
2.055,0.32421783646044144,25.04707522852137,0.05728776373225471,0.1284202854542419,0.05728776373225471,0.17455734608069026
2.07,0.32446179112686085,25.148241358893287,0.06317486770230267,0.13214726352225978,0.06317486770230267,0.15829079448369796
2.085,0.32327804377296543,25.251450126383133,0.06263757344294499,0.13171833053220616,0.06263757344294499,0.15964858551087954
2.1,0.2789894963574481,25.35680836126649,0.07309004324670547,0.13554023726652092,0.07309004324670547,0.13681754115600075
2.115,0.4170136229176892,25.44834467993809,0.05392211028840088,0.15061403689591002,0.05392211028840088,0.1854526825177146
2.13,0.603798618047852,25.582586076814987,0.049621021575403934,0.13955572503413194,0.049621021575403934,0.20152749142425525
2.145,0.41289505287347306,25.68170591782232,0.04551285875236582,0.13524935610062175,0.04551285875236582,0.21971812525356227
2.16,0.17830052478979597,25.822643541872647,0.020128983982795466,0.1319258136408143,0.020128983982795466,0.49679606325620534
2.175,0.3380314648453492,26.02445188907828,0.050942781278258464,0.12839290460275282,0.050942781278258464,0.19629866585764597
2.19,0.37454743239793664,26.19287759822551,0.04715645141484002,0.14102617071116555,0.04715645141484002,0.21206006177243916
2.205,0.4741222626809313,26.336482190916566,0.04326449697917508,0.13019134704574603,0.04326449697917508,0.23113639816067658
2.22,0.6939624374026934,26.45599781267901,0.03274634023820346,0.11657650414146449,0.03274634023820346,0.3053776369285236
2.235,0.6321927100048461,26.57230100272316,0.04250542524942219,0.11677530721808083,0.04250542524942219,0.23526408549779038
2.25,0.6485567907508608,26.783045528968568,0.03910188298701912,0.11238984465305157,0.03910188298701912,0.25574215961210256
2.265,0.5639718294065899,27.055761337587583,0.04903098862193642,0.11566189364391098,0.04903098862193642,0.2039526487443904
2.28,0.5261529696374561,27.328243139336468,0.05216889467689316,0.11905905075728854,0.05216889467689316,0.19168510396731173
2.295,0.5429807416418145,27.611343277043872,0.037854654404006954,0.1219116539059451,0.037854654404006954,0.2641683078987901
2.31,0.6538078708169512,27.92043531854569,0.035626928845570616,0.1132855389930573,0.035626928845570616,0.2806865571642802
2.325,0.593913958201212,28.223683076203287,0.028269738003530012,0.11278204765786351,0.028269738003530012,0.3537351495352136
2.34,0.4518561631879725,28.5698729990816,0.023772375683114518,0.1226099475659637,0.023772375683114518,0.4206563169495502
2.355,0.583863917009842,29.0298351226608,0.023110498468989785,0.1178451743650973,0.023110498468989785,0.4327037780434826
2.37,0.6846249263047016,29.631847231730937,0.021499205369357746,0.11108885415300805,0.021499205369357746,0.4651334702003795
2.385,0.8367083512902023,30.10354131052613,0.03335659353835021,0.10614364680016873,0.03335659353835021,0.2997908041330108
2.4,0.636546738555819,30.166408081223935,0.026104630838207004,0.11100493960864266,0.026104630838207004,0.38307379491319593
2.415,0.3440188082889472,30.33180474972354,0.020399468660770498,0.10214288990722173,0.020399468660770498,0.4902088464309195
2.43,0.8053466256275461,30.58837031370664,0.009915280408489846,0.13184892063812995,0.009915280408489846,1.0085443465055828
2.445,0.7075950610496331,30.94341543470693,0.036122226849125166,0.1607374372044808,0.036122226849125166,0.2768378605717711
2.46,0.46787006746227294,30.81478867372499,0.03963809964861313,0.09058032400729397,0.03963809964861313,0.2522825283918444
2.475,0.4371411111703448,30.69035285704016,0.0564576004599739,0.09470355032864924,0.0564576004599739,0.1771240704267902
2.49,0.4220464474168124,30.737967741742008,0.04573614181016277,0.09541337309227663,0.04573614181016277,0.21864546514454694
2.505,0.40757573987583695,30.80768676095144,0.032982750032438266,0.09278700475745484,0.032982750032438266,0.3031887877804332
2.52,0.6878478035438327,30.834744231382967,0.013880678779228594,0.0840546411964538,0.013880678779228594,0.7204258638247762
2.535,0.8459405497606832,30.823744809832792,0.024652957683358387,0.09069062622043297,0.024652957683358387,0.4056308426939925
2.55,0.426143764733404,30.74561732906038,0.03925349632138505,0.11649710470900763,0.03925349632138505,0.25475437698914133
2.565,0.5303822912950433,30.83019452329048,0.0423993061029282,0.14414520834748115,0.0423993061029282,0.2358529164539647
2.58,0.6541045812794172,30.973615290228373,0.018744524961021032,0.16878263848661165,0.018744524961021032,0.5334891132634653
2.595,0.5588028724974179,31.26287268396496,0.02014639843671686,0.1653625081615209,0.02014639843671686,0.4963666350296625
2.61,0.33008546880837053,31.456113688170877,0.04088541605748128,0.14448263080506435,0.04088541605748128,0.24458599090543398
2.625,0.3678967061716164,31.44357847670244,0.05166848847825225,0.11872980861243755,0.05166848847825225,0.19354156265301034
2.64,0.4975980707818151,31.48644904448848,0.018964033909369835,0.11568107558490837,0.018964033909369835,0.5273139695800246
2.655,0.40538971372953536,31.050515443973215,0.03846294171274912,0.1701229402250832,0.03846294171274912,0.25999051436789483
2.67,0.36826907777865914,30.89341169964632,0.04351157089472666,0.15649215868685848,0.04351157089472666,0.22982392486344225
2.685,0.4283499272690597,31.105283125805517,0.0438782306478516,0.14873681899496866,0.0438782306478516,0.22790344670585816
2.7,0.5961530399433709,31.32118370969496,0.030889708321351184,0.12838449187804438,0.030889708321351184,0.32373241909467726
2.715,0.7329718746823782,31.514732236348944,0.025662461703230673,0.13514643163359427,0.025662461703230673,0.3896742298398088
2.73,0.332943338272692,31.496440404795656,0.0709818251269524,0.15137791691810087,0.0709818251269524,0.1408811337566314
2.745,0.33645579700261363,31.498281119956832,0.04966932760289364,0.15338502942907703,0.04966932760289364,0.20133149536369846
2.76,0.39451461210273087,31.59996839469432,0.051031663233009325,0.15011003693331337,0.051031663233009325,0.19595677206012754
2.775,0.5283748766961008,31.72500729519284,0.036992377919552615,0.14034858309185197,0.036992377919552615,0.27032595800537657
2.79,0.5675865566444043,31.894352806571316,0.04369184368020286,0.1359579941381336,0.04369184368020286,0.22887567009517348
2.805,0.4889042779666088,32.04485877736824,0.051809864091007345,0.1355929795107937,0.051809864091007345,0.19301343818301395
2.82,0.5433630925742025,32.20358735549949,0.04743060371418243,0.1323531061416069,0.04743060371418243,0.21083433937000168
2.835,0.5233435762035329,32.342468177266575,0.0443059009280727,0.13017311043200566,0.0443059009280727,0.2257035697397114
2.85,0.49636359655832274,32.44638707044038,0.05290934093554365,0.12927485892907217,0.05290934093554365,0.1890025432783677
2.865,0.5578944359760015,32.53745823510669,0.03810570531504451,0.12609218405006098,0.03810570531504451,0.26242789412565737
2.88,0.5427207011267441,32.61579892043229,0.022597162547111627,0.12417900996971529,0.022597162547111627,0.44253343662734335
2.895,0.6789080793560099,32.65660492548713,0.01732515762946995,0.12343468690355885,0.01732515762946995,0.5771953256569559
2.91,0.43455205716171114,32.82357661297608,0.011141541961028916,0.12024061927623225,0.011141541961028916,0.8975418335252139
2.925,0.5534558070518325,33.08680232095309,0.02724013904694018,0.1125590829690182,0.02724013904694018,0.36710532140706076
2.94,0.2754036196064352,33.03297980487535,0.022103706026223906,0.15170532719337315,0.022103706026223906,0.4524128210959723
2.955,0.2886416382167651,33.01044831771162,0.014875882271179912,0.15451650971896191,0.014875882271179912,0.6722290360803473
2.97,0.33917345052981984,33.048792991492526,0.06822403919427898,0.14882669135097237,0.06822403919427898,0.14657590078364288
2.985,0.6294265888086185,32.97450224592639,0.05097137927528422,0.17602452595411097,0.05097137927528422,0.19618853054755284
3.0,0.7079453849883297,32.82218113950227,0.038339192428345006,0.09478516576911043,0.038339192428345006,0.2608296984525626
3.015,0.8642613682132747,32.57762340043753,0.046331391096730984,0.062151946914018305,0.046331391096730984,0.2158363857265139
3.03,0.7770232574824336,32.716673375851606,0.04583249849174301,0.06031349952505659,0.04583249849174301,0.21818579237615768
3.045,1.16295209343894,32.81272666188704,0.0380639873604165,0.056407923817420325,0.0380639873604165,0.26271551388752296
3.06,1.0348237634374553,32.95645226482251,0.03766043358507946,0.05689085849928477,0.03766043358507946,0.26553066568946415
3.075,0.6523279243504474,33.20127105135246,0.042084524023669245,0.1121078521905158,0.042084524023669245,0.2376170393272307
3.09,0.891231743282043,33.04399769665698,0.024496947348533447,0.1251189343802599,0.024496947348533447,0.40821412797781387
3.105,0.4127769704780995,32.55458910434421,0.0402100072233396,0.0402100072233396,0.043565944060817596,0.24869430996260986
3.12,0.9322132332943288,32.242905057786885,0.040165601478230055,0.055783178219920015,0.040165601478230055,0.24896925807074113
3.135,0.7800411094814556,32.10683832253993,0.03583377341141321,0.10324324537574084,0.03583377341141321,0.27906634015872184
3.15,1.4613035201975824,32.24996616257565,0.013552427914538685,0.12916168555460464,0.013552427914538685,0.7378751662107913
3.165,0.6692079903623014,32.367901620245625,0.049388765165242904,0.12588585528708063,0.049388765165242904,0.2024751978824012
3.18,0.4858469565043272,32.574126911962026,0.05217347954548434,0.12915497564092707,0.05217347954548434,0.19166825918294553
3.195,0.4366661256242576,32.86859492195462,0.048101168563081595,0.12576856370704512,0.048101168563081595,0.20789515720154786
3.21,0.6290528085531208,33.11990990405323,0.04262439558195386,0.13499178526868744,0.04262439558195386,0.23460743228072325
3.225,0.6408974694693903,33.41804679817639,0.04112783813336436,0.13617475489354572,0.04112783813336436,0.24314431426162528
3.24,0.7070143419497321,33.69688219436992,0.01180623564215198,0.1417772086685031,0.01180623564215198,0.8470100295387
3.255,1.1312197596532563,33.96674988871166,0.02972260321908037,0.13783017355909313,0.02972260321908037,0.3364442853908745
3.27,1.1844415012271612,34.20090091124451,0.045530510823357295,0.1429976470149861,0.045530510823357295,0.21963294105784487
3.285,1.2507399132109571,34.42223231666917,0.03721203096293219,0.14660193573208335,0.03721203096293219,0.26873029343550864
3.3,1.3476194232806666,34.67090934564953,0.03818166075356701,0.16560735790996287,0.03818166075356701,0.26190584177420256
3.315,0.8734821927404787,34.83900568813141,0.026456883455794458,0.2141960854685737,0.026456883455794458,0.3779734682926098
3.33,1.2342938888153552,34.45616037630041,0.03120034988736472,0.07311874520464545,0.03120034988736472,0.3205092262138292
3.345,0.6830678209929185,34.57443408757607,0.028659003651976076,0.07337128168691964,0.028659003651976076,0.34893048346816785
3.36,0.5488715172323314,34.90444593425934,0.04305792429207145,0.13097583375003313,0.04305792429207145,0.23224528735216735
3.375,0.840192592125861,34.48195312632051,0.02903748922299957,0.1595683010654796,0.02903748922299957,0.34438239212773786
3.39,0.5522889506183398,34.224920495652725,0.04014425038990447,0.1535145069329131,0.04014425038990447,0.24910167465761957
3.405,0.47912738456333304,34.39424067396365,0.043001971039950064,0.1570593112165131,0.043001971039950064,0.23254747999131745
3.42,0.4664656775931598,34.65960012072199,0.03843883369421021,0.15851622741889956,0.03843883369421021,0.26015357488607244
3.435,0.561568994105043,34.921650640722426,0.027398518405300505,0.1470959074957525,0.027398518405300505,0.36498323931506477
3.45,0.559928068574614,35.25614481710184,0.024402503101876204,0.1426133938811705,0.024402503101876204,0.4097940263853974
3.465,0.5936385778976513,35.53454752190863,0.02690996719232679,0.13640771708607033,0.02690996719232679,0.3716095203137757
3.48,0.38123715264245767,35.53033922231755,0.03431197226480009,0.1330342671863502,0.03431197226480009,0.2914434624400412
3.495,0.44128107955488416,35.618239172602706,0.045009729756378826,0.13633013551348544,0.045009729756378826,0.22217418442915202
3.51,0.46569179395326255,35.73265556800288,0.05221100438908346,0.13739198678428177,0.05221100438908346,0.19153050428753773
3.525,0.4705919180420265,35.83752483175123,0.052358861193179056,0.13655861735387545,0.052358861193179056,0.19098963904323285
3.54,0.4724814846886908,35.91705000211728,0.043299524639717785,0.13514413275315434,0.043299524639717785,0.23094941764850696
3.555,0.49772352084825944,35.951992418449024,0.03194703402332501,0.13299813167047636,0.03194703402332501,0.3130181034239
3.57,0.4163614399089052,36.00751584919968,0.030695758541151447,0.13136646801291152,0.030695758541151447,0.32577790793453654
3.585,0.32866261961793586,36.10591925773648,0.04465400504288949,0.12757913387613332,0.04465400504288949,0.22394407826118068
3.6,0.27562052849179164,36.204148253911896,0.0458185488700837,0.13282297591095366,0.0458185488700837,0.21825221982377752
3.615,0.2669736335569972,36.29737152335653,0.0491991175115349,0.13646294652271881,0.0491991175115349,0.2032556782681207
3.63,0.2823736787778052,36.3796970208204,0.05279416320354431,0.13754661005931057,0.05279416320354431,0.18941487833504775
3.645,0.3069974106897996,36.45923787608376,0.05500859892572252,0.13903343090296644,0.05500859892572252,0.18178976006102038
3.66,0.33844111066253024,36.53733750892441,0.05204224522662406,0.14113671777110132,0.05204224522662406,0.19215158678211955
3.675,0.375696907204872,36.60628482151561,0.040688484325563164,0.13943614906634758,0.040688484325563164,0.24576978390215795
3.69,0.38851283619878896,36.66709227029022,0.034322219021542935,0.13953962923683824,0.034322219021542935,0.29135645319795106
3.705,0.3535420067442988,36.78257303034482,0.043710185889406575,0.14187706492917787,0.043710185889406575,0.22877962645369487
3.72,0.33117944785893966,36.858732557055966,0.04813431528713218,0.13932547174780302,0.04813431528713218,0.20775199440041303
3.735,0.3214656504814976,36.907128360474736,0.05056560370231323,0.13196500354249044,0.05056560370231323,0.19776289152743823
3.75,0.31236249020970364,36.942200588542015,0.054578014263254405,0.11818222625404902,0.054578014263254405,0.18322396179101505
3.765,0.3077173292752719,36.966491454623714,0.04439851743434856,0.0977566048714306,0.04439851743434856,0.22523274599848642
3.78,0.4161142202411673,36.91715382867592,0.05427925354094686,0.05427925354094686,0.057311403227881946,0.1842324525051963
3.795,0.4366787224851388,36.964211607209286,0.03458446696935883,0.14820724752943387,0.03458446696935883,0.28914714830966765
3.81,0.5129133228894661,36.95445030286128,0.035826939191929176,0.14157865602851372,0.035826939191929176,0.2791195738611331
3.825,0.2486350294396235,36.96928797769578,0.025219358339429093,0.16897930012798174,0.025219358339429093,0.39652079428069925
3.84,0.2800486846384221,36.789645513774545,0.021895014301305506,0.16969471912031128,0.021895014301305506,0.45672498142208307
3.855,0.33626155036472843,36.688726726358446,0.05801205903431314,0.14974389942120878,0.05801205903431314,0.1723779532473614
3.87,0.8202087222679583,36.52458872579269,0.022096378212797647,0.13649114915408006,0.022096378212797647,0.4525628545861991
3.885,0.5547268744954073,36.3770470468994,0.025682471642811195,0.11048134161994601,0.025682471642811195,0.3893706236330688
3.9,0.6639878731058971,36.18291914753778,0.013735041008519033,0.09061265245048937,0.013735041008519033,0.7280648083829959
3.915,0.3101826784169968,36.17393560585916,0.051395040256636035,0.10235491948479777,0.051395040256636035,0.19457130396368974
3.93,0.6014996076753961,36.14024373791388,0.02176660983932627,0.10726317166338911,0.02176660983932627,0.4594192698732879
3.945,0.38207509184668426,36.16239666453326,0.05655183203110975,0.10597475948007916,0.05655183203110975,0.17682893092656832
3.96,0.3572749196805904,36.18689755435128,0.055761507368260355,0.1097704802359128,0.055761507368260355,0.17933518070015508
3.975,0.36803073742834186,36.26124387522056,0.0629681258696297,0.11529006598656892,0.0629681258696297,0.15881050709217825
3.99,0.41255501964771246,36.35994102854962,0.05288648404924209,0.1202032420512857,0.05288648404924209,0.1890842278471206
4.005,0.47930124283289793,36.496452451841634,0.04198603005810455,0.12335055121555892,0.04198603005810455,0.2381744591274998
4.02,0.5524463125210961,36.672271962407045,0.042209990812707696,0.12400770071582828,0.042209990812707696,0.23691073623710457
4.035,0.8174946654728487,36.8995927229684,0.026427104500546285,0.121335135037515,0.026427104500546285,0.3783993815816366
4.05,0.8222714517777853,36.967377358661366,0.026779433275874412,0.11339520498254173,0.026779433275874412,0.3734208971856398
4.065,0.3748354944686181,36.8495004383762,0.03707651936763794,0.08859605681878542,0.03707651936763794,0.269712480312498
4.08,0.6265582030857347,37.06224001693817,0.03436177586695113,0.09131412663107831,0.03436177586695113,0.2910210473032599
4.095,0.7491339502647496,37.23905562890727,0.030091495638419022,0.0984223700332625,0.030091495638419022,0.3323198062389627
4.11,0.39603961379836233,37.316147673274,0.05207154803647587,0.11214680722640648,0.05207154803647587,0.192043455151267
4.125,0.3843645247528936,37.443588199570485,0.053285622877142384,0.11935843888696815,0.053285622877142384,0.18766788225515219
4.14,0.5420315298606035,37.60334305489282,0.029772350774499114,0.11228072800839853,0.029772350774499114,0.33588211007393115
4.155,0.6748252818165694,37.82947019694295,0.01832424671521102,0.09868787890538679,0.01832424671521102,0.5457250251765583
4.17,0.4319662994103773,37.95812206264513,0.04567931627126594,0.22767590215848185,0.04567931627126594,0.2189174623502495
4.185,0.5056583810446167,37.72605493091888,0.043102621204891646,0.19315808873766072,0.043102621204891646,0.23200445171221087
4.2,0.4324550452370936,37.35894802551035,0.03581772698335921,0.13143108792250116,0.03581772698335921,0.2791913625520113
4.215,0.5392313480527006,37.24095616377556,0.03495369107052615,0.13424305176495654,0.03495369107052615,0.2860928186331731
4.23,0.6612667765396569,37.322059875129625,0.055430783416092665,0.1562532434771275,0.055430783416092665,0.1804051717063916
4.245,0.6390247215313013,37.37796984212888,0.039886895015797154,0.1441083826508274,0.039886895015797154,0.25070891068456225
4.26,0.709105750654203,37.52190151974846,0.03305982443586216,0.131129287021743,0.03305982443586216,0.3024819450992711
4.275,0.9858583748525687,37.83480377763363,0.03095307912156609,0.12342065955529825,0.03095307912156609,0.32306963584222714
4.29,0.8802000062831181,38.273496521514794,0.02689623046925049,0.11641835890254328,0.02689623046925049,0.3717993126000555
4.305,0.3397999491957012,38.6230958938784,0.04282513415866003,0.1519812892703849,0.04282513415866003,0.2335077331679022
4.32,0.5021495701522432,38.469407704962926,0.05369279526759213,0.18856065170401753,0.05369279526759213,0.18624472706556583
4.335,0.6900268859408388,38.421071174029166,0.04489585249962484,0.16309282140596346,0.04489585249962484,0.2227377239374965
4.3500000000000005,0.3452683749886389,38.44825083130252,0.05044191428826369,0.13899024998494086,0.05044191428826369,0.19824782903464666
4.365,0.31883960239313136,38.554549917772235,0.009798838383209335,0.15495328063825084,0.009798838383209335,1.0205291289562815
4.38,0.14398003763878342,38.73232390470586,0.027997860722289363,0.20664499697570837,0.027997860722289363,0.3571701459332893
4.395,1.3907860836161252,38.7337136544525,0.009593408389284621,0.1278707152847723,0.009593408389284621,1.0423823936411925
4.41,0.9883603577683686,38.78984920915191,0.015089512073381044,0.12748092006550885,0.015089512073381044,0.6627119519418193
4.425,0.2851733179783192,38.75698509579914,0.02932983355808266,0.17807690960221773,0.02932983355808266,0.34094976980338915
4.44,0.16787196727873716,38.752365877922855,0.004058551766460193,0.16400916473323968,0.004058551766460193,2.4639330912666537
4.455,0.20353034205574716,38.86473585801826,0.0562759590584014,0.17781721559742397,0.0562759590584014,0.1776957721790635
4.47,0.2223692346341677,38.90444137972916,0.06152586215917385,0.18403220866290146,0.06152586215917385,0.1625332770490717
4.485,0.25020335887285566,38.97666290607332,0.05869090992586811,0.1832069524776341,0.05869090992586811,0.17038413636167676
4.5,0.27764816498024497,39.07296220947584,0.06479542792829097,0.1810282713753711,0.06479542792829097,0.15433187679641516
4.515,0.3171614009488225,39.18873889280605,0.06618432178163709,0.18014694645185925,0.06618432178163709,0.1510931853769409
4.53,0.37488835758379774,39.32347646732229,0.05950975867466865,0.17798685607028986,0.05950975867466865,0.16803966648005703
4.545,0.4789894159908884,39.4913760948732,0.04573794455911974,0.17114888221947538,0.04573794455911974,0.21863684729151409
4.56,0.5588678729224533,39.72897584348532,0.04346472485035598,0.15933329746076416,0.04346472485035598,0.23007162784140112
4.575,0.4865424110511416,39.960888952022046,0.04984832216145528,0.1516198846340042,0.04984832216145528,0.20060855744774497
4.59,0.44607745878326144,40.11404661210348,0.03894238250071755,0.14433783178605208,0.03894238250071755,0.25678963016234924
4.605,0.2571556622281687,40.158855661091245,0.06433684939927503,0.19763440367039128,0.06433684939927503,0.15543191955111005
4.62,0.3714685018113768,39.74438819725283,0.06486677012388985,0.13813076119007056,0.06486677012388985,0.1541621385017456
4.635,0.7667955415656702,39.47326494817931,0.021535332782194747,0.11948943851210603,0.021535332782194747,0.4643531679374802
4.65,0.5805283892183495,39.44801584292687,0.02811189635406895,0.12344618311491974,0.02811189635406895,0.35572128874018805
4.665,0.3691650746653225,39.49647098129941,0.05551150087470413,0.20173332652224968,0.05551150087470413,0.18014285044411169
4.68,0.6270397034188451,39.588800043976015,0.03675022782738179,0.1628649271303162,0.03675022782738179,0.27210715664051527
4.695,0.6194756632175707,39.70644183411152,0.037082448641984775,0.15283557157052416,0.037082448641984775,0.2696693548084091
4.71,0.35618357722049865,39.75099355257025,0.036778002496782626,0.22253745603826472,0.036778002496782626,0.2719016618935411
4.7250000000000005,0.30589417399466046,39.57881046914917,0.027239361747696096,0.21778502855303097,0.027239361747696096,0.36711579708161846
4.74,0.6155665864097644,39.71164984422073,0.041057170789208626,0.2384593960770823,0.041057170789208626,0.24356281272620903
4.755,0.5632702967528365,39.565599649605325,0.03621083055329759,0.2009270878313844,0.03621083055329759,0.2761604704228287
4.77,0.5785724607753625,39.679638964045616,0.03276713583884147,0.19213181155403922,0.03276713583884147,0.3051838295902021
4.785,0.8484101986023121,40.00833995613425,0.03294527020017871,0.24301760724559934,0.03294527020017871,0.30353370724352885
4.8,0.6226302413530301,40.033643799271054,0.04726233806645421,0.252495566222315,0.04726233806645421,0.21158496191913503
4.815,0.4105028316173829,39.9327358977078,0.048172139731891224,0.22291549257252175,0.048172139731891224,0.207588868911707
4.83,0.33558147258751225,39.974727327871285,0.052419925573541234,0.2140812540101132,0.052419925573541234,0.190767153722314
4.845,0.29224105701048747,40.00882332288233,0.058382778387956434,0.20970377362015136,0.058382778387956434,0.17128338657590958
4.86,0.28437039133628367,40.019202782627936,0.057627915461399094,0.20925237939161292,0.057627915461399094,0.17352701238513998
4.875,0.29750871399300205,40.01256353541429,0.04854295052787853,0.2115211428775003,0.04854295052787853,0.20600313518760952
4.89,0.34092019032886695,40.00163979458256,0.046324718284599886,0.21746978911111253,0.046324718284599886,0.215867475730001
4.905,0.4683101511014746,39.991561807447034,0.04934533376910765,0.2308598048585839,0.04934533376910765,0.20265340684067762
4.92,0.5581428607713326,39.95164762342896,0.03926996854374252,0.2607555198916026,0.03926996854374252,0.2546475174499077
4.935,0.7879082087310956,39.88900325554301,0.026514520442893028,0.1957458404536536,0.026514520442893028,0.37715183352223924
4.95,0.904657632671031,39.76523446421398,0.02239694266914352,0.14400841239501955,0.02239694266914352,0.44648951188222197
4.965,0.6611472657670184,39.733373495114165,0.019673365299620056,0.12983610631075315,0.019673365299620056,0.5083014445013699
4.98,0.358783879399062,39.848025929436325,0.036031995844981075,0.1656484063636063,0.036031995844981075,0.27753111548476456
4.995,0.5446011003637017,40.034183436560085,0.03570612883284092,0.1350016246564127,0.03570612883284092,0.28006396455956445
