s,logR_cumulative
0.000000000000000000e+00,0.000000000000000000e+00
5.000000000000000278e-02,-3.145318665789847545e-03
1.000000000000000056e-01,-5.732802114700724996e-03
1.499999999999999944e-01,-8.210862501215179798e-03
2.000000000000000111e-01,-1.057680429211249433e-02
2.500000000000000000e-01,-1.282900928670900609e-02
2.999999999999999889e-01,-1.496571830411377868e-02
3.500000000000000333e-01,-1.698497879957096626e-02
4.000000000000000222e-01,-1.888467474809017721e-02
4.500000000000000111e-01,-2.066258865637649392e-02
5.000000000000000000e-01,-2.231648035327679636e-02
5.500000000000000444e-01,-2.384414892625118243e-02
5.999999999999999778e-01,-2.524343293377014769e-02
6.500000000000000222e-01,-2.651212058321873385e-02
7.000000000000000666e-01,-2.764778930948387503e-02
7.500000000000000000e-01,-2.864764825877683802e-02
8.000000000000000444e-01,-2.950846953103851422e-02
8.499999999999999778e-01,-3.022663869235144019e-02
9.000000000000000222e-01,-3.079824998654905749e-02
9.500000000000000666e-01,-3.121905670794989165e-02
1.000000000000000000e+00,-3.148411521954198877e-02
1.050000000000000044e+00,-3.158739495571573352e-02
1.100000000000000089e+00,-3.152219444744011612e-02
1.150000000000000133e+00,-3.128279905058151816e-02
1.199999999999999956e+00,-3.086645243988998116e-02
1.250000000000000000e+00,-3.027420096047626560e-02
1.300000000000000044e+00,-2.950924743630672573e-02
1.350000000000000089e+00,-2.857260191904726146e-02
1.400000000000000133e+00,-2.745993235631321444e-02
1.449999999999999956e+00,-2.616434189824138126e-02
1.500000000000000000e+00,-2.468290964955174860e-02
1.550000000000000044e+00,-2.301817482931284645e-02
1.600000000000000089e+00,-2.117312189937095232e-02
1.650000000000000133e+00,-1.915036628322024440e-02
1.699999999999999956e+00,-1.695439186715579083e-02
1.750000000000000000e+00,-1.458856145423217260e-02
1.800000000000000044e+00,-1.205346191410804242e-02
1.850000000000000089e+00,-9.353438978519592120e-03
1.900000000000000133e+00,-6.512781667249546019e-03
1.949999999999999956e+00,-3.553483473005575322e-03
2.000000000000000000e+00,-4.453296774935078597e-04
2.049999999999999822e+00,2.852137192674348513e-03
2.100000000000000089e+00,6.330953612019015603e-03
2.149999999999999911e+00,9.971314024432881284e-03
2.200000000000000178e+00,1.375846553259320836e-02
2.250000000000000000e+00,1.763092974933155171e-02
2.300000000000000266e+00,2.154942671345029190e-02
2.350000000000000089e+00,2.558712179268276404e-02
2.399999999999999911e+00,2.981578152180466845e-02
2.450000000000000178e+00,3.417415162208641000e-02
2.500000000000000000e+00,3.855184064121359999e-02
2.550000000000000266e+00,4.297106757600512722e-02
2.600000000000000089e+00,4.751611280519802555e-02
2.649999999999999911e+00,5.218921410158740282e-02
2.700000000000000178e+00,5.697411486782163331e-02
2.750000000000000000e+00,6.180421714586399606e-02
2.800000000000000266e+00,6.657240147953646936e-02
2.850000000000000089e+00,7.127957147792275683e-02
2.899999999999999911e+00,7.604738534873375921e-02
2.950000000000000178e+00,8.102098972823001954e-02
3.000000000000000000e+00,8.621400568529535846e-02
3.050000000000000266e+00,9.151524561638348099e-02
3.100000000000000089e+00,9.683057032560488109e-02
3.149999999999999911e+00,1.021292339993003229e-01
3.200000000000000178e+00,1.075043362070700753e-01
3.250000000000000000e+00,1.131533395980582196e-01
3.300000000000000266e+00,1.190609871436886374e-01
3.350000000000000089e+00,1.250864066451925494e-01
3.399999999999999911e+00,1.312882625324266472e-01
3.450000000000000178e+00,1.376989205490854185e-01
3.500000000000000000e+00,1.441262303569340597e-01
3.550000000000000266e+00,1.504476439574229940e-01
3.600000000000000089e+00,1.567329141702718809e-01
3.649999999999999911e+00,1.631036097586646694e-01
3.700000000000000178e+00,1.695944747187355106e-01
3.750000000000000000e+00,1.758519637376058931e-01
3.800000000000000266e+00,1.818012176035024574e-01
3.850000000000000089e+00,1.880119420793648632e-01
3.899999999999999911e+00,1.942558502466016357e-01
3.950000000000000178e+00,2.001543205841445072e-01
4.000000000000000000e+00,2.058953183810857401e-01
4.049999999999999822e+00,2.114546267928762435e-01
4.099999999999999645e+00,2.168781879168615034e-01
4.150000000000000355e+00,2.224141679129352234e-01
4.200000000000000178e+00,2.279368859437341799e-01
4.250000000000000000e+00,2.329031370741456441e-01
4.299999999999999822e+00,2.375302956340819283e-01
4.350000000000000533e+00,2.423207556537140539e-01
4.400000000000000355e+00,2.472019181159868517e-01
4.450000000000000178e+00,2.520021146018945890e-01
4.500000000000000000e+00,2.568899961059600834e-01
4.549999999999999822e+00,2.615785971396007992e-01
4.600000000000000533e+00,2.660382636696747571e-01
4.650000000000000355e+00,2.708826422977859139e-01
4.700000000000000178e+00,2.757302282606853283e-01
4.750000000000000000e+00,2.798922955841681715e-01
4.799999999999999822e+00,2.837421356545582474e-01
4.850000000000000533e+00,2.880070793509046378e-01
4.900000000000000355e+00,2.928663533422113385e-01
4.950000000000000178e+00,2.982337252334440469e-01
5.000000000000000000e+00,3.038153025991878753e-01
5.049999999999999822e+00,3.091761884666104909e-01
5.100000000000000533e+00,3.139526923264795988e-01
5.150000000000000355e+00,3.181668596291673534e-01
5.200000000000000178e+00,3.223562881397673552e-01
5.250000000000000000e+00,3.271289425543373874e-01
5.299999999999999822e+00,3.326810211261030381e-01
5.350000000000000533e+00,3.385026834155328013e-01
5.400000000000000355e+00,3.441123218059852773e-01
5.450000000000000178e+00,3.492915496988487356e-01
5.500000000000000000e+00,3.539997484667892769e-01
5.549999999999999822e+00,3.585473603346124305e-01
5.600000000000000533e+00,3.633223945229754337e-01
5.650000000000000355e+00,3.681195466125273263e-01
5.700000000000000178e+00,3.725688403261575021e-01
5.750000000000000000e+00,3.769193718479765254e-01
5.799999999999999822e+00,3.813565641804526063e-01
5.850000000000000533e+00,3.857639609737420483e-01
5.900000000000000355e+00,3.899553238893486706e-01
5.950000000000000178e+00,3.940494654328922652e-01
6.000000000000000000e+00,3.983962902675261541e-01
6.049999999999999822e+00,4.029537668128111427e-01
6.100000000000000533e+00,4.075100418017316151e-01
6.150000000000000355e+00,4.120893599097082416e-01
6.200000000000000178e+00,4.167302385166208878e-01
6.250000000000000000e+00,4.213006306955684455e-01
6.299999999999999822e+00,4.257540775179198822e-01
6.350000000000000533e+00,4.306815765880655511e-01
6.400000000000000355e+00,4.361538950952649207e-01
6.450000000000000178e+00,4.419268574627119861e-01
6.500000000000000000e+00,4.475290395551800859e-01
6.549999999999999822e+00,4.525428144595107782e-01
6.600000000000000533e+00,4.571879854606571425e-01
6.650000000000000355e+00,4.620664574699543947e-01
6.700000000000000178e+00,4.671287762095898133e-01
6.750000000000000000e+00,4.721368104436517998e-01
6.799999999999999822e+00,4.772444520806393697e-01
6.850000000000000533e+00,4.822512525448954257e-01
6.900000000000000355e+00,4.873235973410967037e-01
6.950000000000000178e+00,4.933909741627994228e-01
7.000000000000000000e+00,4.995481066691082606e-01
7.049999999999999822e+00,5.052324336476604616e-01
7.100000000000000533e+00,5.111675771795394230e-01
7.150000000000000355e+00,5.171464082459059641e-01
7.200000000000000178e+00,5.222998321321984383e-01
7.250000000000000000e+00,5.262438925777700449e-01
7.299999999999999822e+00,5.304158930167628405e-01
7.350000000000000533e+00,5.357901184963268504e-01
7.400000000000000355e+00,5.419212497232844816e-01
7.450000000000000178e+00,5.486386743672094779e-01
7.500000000000000000e+00,5.560463401219390978e-01
7.549999999999999822e+00,5.633263343178015470e-01
7.600000000000000533e+00,5.705356727851804699e-01
7.650000000000000355e+00,5.773819950614169638e-01
7.700000000000000178e+00,5.835132486889315073e-01
7.750000000000000000e+00,5.894669190775926326e-01
7.799999999999999822e+00,5.957205977935878805e-01
7.850000000000000533e+00,6.025450301187265101e-01
7.900000000000000355e+00,6.100962171992231342e-01
7.950000000000000178e+00,6.193356452598615114e-01
8.000000000000000000e+00,6.300955578545635039e-01
8.050000000000000711e+00,6.408375857040415902e-01
8.099999999999999645e+00,6.507494868703076474e-01
8.150000000000000355e+00,6.602325510587141455e-01
8.199999999999999289e+00,6.701124706366485828e-01
8.250000000000000000e+00,6.801585333353145080e-01
8.300000000000000711e+00,6.899220255136400137e-01
8.349999999999999645e+00,6.994274702035734315e-01
8.400000000000000355e+00,7.086241193465870891e-01
8.449999999999999289e+00,7.174340258194276121e-01
8.500000000000000000e+00,7.259120981627968927e-01
8.550000000000000711e+00,7.342683158417803169e-01
8.599999999999999645e+00,7.425987751526337277e-01
8.650000000000000355e+00,7.508360133219849075e-01
8.700000000000001066e+00,7.590039434319727496e-01
8.750000000000000000e+00,7.674757020773269600e-01
8.800000000000000711e+00,7.765594594475844215e-01
8.849999999999999645e+00,7.861314426264085498e-01
8.900000000000000355e+00,7.961107003074594513e-01
8.950000000000001066e+00,8.061069283349080461e-01
9.000000000000000000e+00,8.156811583539670396e-01
9.050000000000000711e+00,8.245352720947115577e-01
9.099999999999999645e+00,8.324839715354775960e-01
9.150000000000000355e+00,8.405823266788675641e-01
9.200000000000001066e+00,8.496187738278326851e-01
9.250000000000000000e+00,8.582244714203509650e-01
9.300000000000000711e+00,8.669876577449039390e-01
9.349999999999999645e+00,8.758914929565523311e-01
9.400000000000000355e+00,8.840722702825838386e-01
9.450000000000001066e+00,8.924745216241669610e-01
9.500000000000000000e+00,9.010617040590209736e-01
9.550000000000000711e+00,9.097463268734262698e-01
9.599999999999999645e+00,9.184559789312735090e-01
9.650000000000000355e+00,9.273158053779497756e-01
9.700000000000001066e+00,9.366360963196310729e-01
9.750000000000000000e+00,9.461507727139041313e-01
9.800000000000000711e+00,9.548481024693815655e-01
9.849999999999999645e+00,9.621825434859655468e-01
9.900000000000000355e+00,9.684918822825983042e-01
9.950000000000001066e+00,9.743700115734724720e-01
1.000000000000000000e+01,9.803714490916551894e-01
1.005000000000000071e+01,9.871954788759069732e-01
1.009999999999999964e+01,9.951148232072546396e-01
1.015000000000000036e+01,1.003709065206190854e+00
1.020000000000000107e+01,1.012825006034000275e+00
1.025000000000000000e+01,1.022511755980116011e+00
1.030000000000000071e+01,1.032417354003215326e+00
1.034999999999999964e+01,1.041914902220178574e+00
1.040000000000000036e+01,1.050503511880670482e+00
1.045000000000000107e+01,1.058321126148584979e+00
1.050000000000000000e+01,1.066240681140074864e+00
1.055000000000000071e+01,1.074968637284059891e+00
1.059999999999999964e+01,1.083720575685468868e+00
1.065000000000000036e+01,1.092270821478124265e+00
1.070000000000000107e+01,1.101400504155948479e+00
1.075000000000000000e+01,1.110855384284590075e+00
1.080000000000000071e+01,1.120181901672334446e+00
1.084999999999999964e+01,1.129110188761638156e+00
1.090000000000000036e+01,1.137714003949705122e+00
1.095000000000000107e+01,1.146730137641097658e+00
1.100000000000000000e+01,1.156793374823824161e+00
1.105000000000000071e+01,1.166696980947501405e+00
1.109999999999999964e+01,1.174511686270143018e+00
1.115000000000000036e+01,1.183632898442688264e+00
1.120000000000000107e+01,1.194743198193984668e+00
1.125000000000000000e+01,1.205690767863657031e+00
1.130000000000000071e+01,1.217668030262154977e+00
1.134999999999999964e+01,1.229552119041907421e+00
1.140000000000000036e+01,1.242037534814735666e+00
1.145000000000000107e+01,1.255989137128272315e+00
1.150000000000000000e+01,1.268535572953465529e+00
1.155000000000000071e+01,1.279170788640434209e+00
1.159999999999999964e+01,1.290013126728121629e+00
1.165000000000000036e+01,1.302062831075715188e+00
1.170000000000000107e+01,1.315432474945499974e+00
1.175000000000000000e+01,1.329660635431730631e+00
1.180000000000000071e+01,1.344203352188636291e+00
1.184999999999999964e+01,1.358710329935775452e+00
1.190000000000000036e+01,1.373065515351284072e+00
1.195000000000000107e+01,1.386961402794518960e+00
1.200000000000000000e+01,1.400241533975380426e+00
1.205000000000000071e+01,1.412793421275923222e+00
1.209999999999999964e+01,1.423606651473120710e+00
1.215000000000000036e+01,1.433722189380435275e+00
1.220000000000000107e+01,1.444721612248284881e+00
1.225000000000000000e+01,1.456183717267816924e+00
1.230000000000000071e+01,1.468039816571636180e+00
1.234999999999999964e+01,1.481536786516204796e+00
1.240000000000000036e+01,1.497918375387223389e+00
1.245000000000000107e+01,1.512413249239194624e+00
1.250000000000000000e+01,1.525394405667345410e+00
1.255000000000000071e+01,1.539724832982956926e+00
1.259999999999999964e+01,1.553984372380526446e+00
1.265000000000000036e+01,1.568965593235837286e+00
1.270000000000000107e+01,1.584010342273701299e+00
1.275000000000000000e+01,1.598216108855509798e+00
1.280000000000000071e+01,1.612256652801591139e+00
1.284999999999999964e+01,1.626636536061499161e+00
1.290000000000000036e+01,1.641128876407996984e+00
1.295000000000000107e+01,1.656308896297075561e+00
1.300000000000000000e+01,1.672060423038254084e+00
1.305000000000000071e+01,1.688274845837926197e+00
1.309999999999999964e+01,1.704710319235686944e+00
1.315000000000000036e+01,1.720783070251685976e+00
1.320000000000000107e+01,1.736402390868922119e+00
1.325000000000000000e+01,1.751592902560479059e+00
1.330000000000000071e+01,1.766292003986256409e+00
1.334999999999999964e+01,1.780510549274109788e+00
1.340000000000000036e+01,1.793873341310730174e+00
1.345000000000000107e+01,1.807182789066251960e+00
1.350000000000000000e+01,1.820350639158793804e+00
1.355000000000000071e+01,1.833461494161285232e+00
1.359999999999999964e+01,1.848733971711694402e+00
1.365000000000000036e+01,1.866301837085248660e+00
1.370000000000000107e+01,1.885467095648638347e+00
1.375000000000000000e+01,1.904210788073520400e+00
1.380000000000000071e+01,1.919838255506474356e+00
1.384999999999999964e+01,1.935837724530687254e+00
1.390000000000000036e+01,1.954409695698140048e+00
1.395000000000000107e+01,1.972914329001064226e+00
1.400000000000000000e+01,1.990706556415474671e+00
1.405000000000000071e+01,2.007686015257251988e+00
1.409999999999999964e+01,2.023623203835303475e+00
1.415000000000000036e+01,2.038507869023183261e+00
1.420000000000000107e+01,2.052387464920799154e+00
1.425000000000000000e+01,2.065161168703317340e+00
1.430000000000000071e+01,2.076733924982132162e+00
1.434999999999999964e+01,2.088112783988879340e+00
1.440000000000000036e+01,2.099945666005640366e+00
1.445000000000000107e+01,2.111342197731659542e+00
1.450000000000000000e+01,2.122220115060609480e+00
1.455000000000000071e+01,2.133399995713483488e+00
1.459999999999999964e+01,2.144877942532925186e+00
1.465000000000000036e+01,2.156023547988854094e+00
1.470000000000000107e+01,2.167288638508102938e+00
1.475000000000000000e+01,2.178268667175563778e+00
1.480000000000000071e+01,2.188228414599256322e+00
1.484999999999999964e+01,2.197769268136811505e+00
1.490000000000000036e+01,2.207416409536838042e+00
1.495000000000000107e+01,2.217132844535579128e+00
1.500000000000000000e+01,2.226580324645553777e+00
1.505000000000000071e+01,2.235491451750247105e+00
1.509999999999999964e+01,2.243815967353012031e+00
1.515000000000000036e+01,2.252118780401307419e+00
1.520000000000000107e+01,2.260791324471434827e+00
1.525000000000000000e+01,2.268984232879839968e+00
1.530000000000000071e+01,2.276195191441757526e+00
1.534999999999999964e+01,2.282738432245673632e+00
1.540000000000000036e+01,2.288718127451433215e+00
1.545000000000000107e+01,2.294548089902006982e+00
1.550000000000000000e+01,2.300767716657109663e+00
1.555000000000000071e+01,2.308148605631701322e+00
1.559999999999999964e+01,2.316897660388091307e+00
1.565000000000000036e+01,2.326103679243562095e+00
1.570000000000000107e+01,2.335337822349614179e+00
1.575000000000000000e+01,2.343467350088155765e+00
1.580000000000000071e+01,2.350946153144988227e+00
1.584999999999999964e+01,2.359436120441571472e+00
1.590000000000000036e+01,2.368754789617980361e+00
1.595000000000000107e+01,2.377451042844403339e+00
1.600000000000000000e+01,2.384685463092345081e+00
1.605000000000000071e+01,2.391530981561106106e+00
1.610000000000000142e+01,2.398425912040858865e+00
1.614999999999999858e+01,2.403711668047019412e+00
1.619999999999999929e+01,2.407678996162231577e+00
1.625000000000000000e+01,2.413214833132772519e+00
1.630000000000000071e+01,2.420104382655975161e+00
1.635000000000000142e+01,2.427499939257747208e+00
1.639999999999999858e+01,2.435313629649459521e+00
1.644999999999999929e+01,2.442922662362561503e+00
1.650000000000000000e+01,2.450317883944034492e+00
1.655000000000000071e+01,2.457845642949890497e+00
1.660000000000000142e+01,2.465236380822014350e+00
1.664999999999999858e+01,2.472320243504027459e+00
1.669999999999999929e+01,2.479761933914911065e+00
1.675000000000000000e+01,2.488111209399348933e+00
1.680000000000000071e+01,2.496893158819075698e+00
1.685000000000000142e+01,2.505659264134006303e+00
1.689999999999999858e+01,2.514426076833870649e+00
1.694999999999999929e+01,2.522755038790628124e+00
1.700000000000000000e+01,2.530646328840370884e+00
1.705000000000000071e+01,2.538650445379106557e+00
1.710000000000000142e+01,2.546779623256318015e+00
1.715000000000000213e+01,2.553897910087001843e+00
1.719999999999999929e+01,2.559205396640503061e+00
1.725000000000000000e+01,2.563500137071155205e+00
1.730000000000000071e+01,2.567911686092679613e+00
1.735000000000000142e+01,2.572377729724312001e+00
1.740000000000000213e+01,2.576507026974030445e+00
1.744999999999999929e+01,2.580587711181450139e+00
1.750000000000000000e+01,2.584724650477517205e+00
1.755000000000000071e+01,2.588411947645672839e+00
1.760000000000000142e+01,2.591722712263440975e+00
1.765000000000000213e+01,2.594985786628142499e+00
1.769999999999999929e+01,2.598187057629570695e+00
1.775000000000000000e+01,2.601226331698950567e+00
1.780000000000000071e+01,2.604503437145231803e+00
1.785000000000000142e+01,2.608260400175591354e+00
1.790000000000000213e+01,2.612064402337727298e+00
1.794999999999999929e+01,2.615818438347006225e+00
1.800000000000000000e+01,2.619533061247592443e+00
1.805000000000000071e+01,2.623905479411872133e+00
1.810000000000000142e+01,2.629577247568589904e+00
1.815000000000000213e+01,2.635376445382413113e+00
1.819999999999999929e+01,2.640695659311907750e+00
1.825000000000000000e+01,2.646348390726171118e+00
1.830000000000000071e+01,2.651830904957960033e+00
1.835000000000000142e+01,2.656800843044758942e+00
1.840000000000000213e+01,2.661673277428811435e+00
1.844999999999999929e+01,2.666711823329094511e+00
1.850000000000000000e+01,2.672194836697376896e+00
1.855000000000000071e+01,2.678042062747548968e+00
1.860000000000000142e+01,2.684163068631696181e+00
1.865000000000000213e+01,2.690606649251451099e+00
1.869999999999999929e+01,2.697617424027186850e+00
1.875000000000000000e+01,2.705450172294524336e+00
1.880000000000000071e+01,2.714219110192354290e+00
1.885000000000000142e+01,2.724031744082673345e+00
1.890000000000000213e+01,2.734096492942078793e+00
1.894999999999999929e+01,2.743260312429201875e+00
1.900000000000000000e+01,2.751476313898551407e+00
1.905000000000000071e+01,2.759319108977344559e+00
1.910000000000000142e+01,2.767618791529162792e+00
1.915000000000000213e+01,2.777345432630072608e+00
1.919999999999999929e+01,2.788170637150428455e+00
1.925000000000000000e+01,2.798730284788448319e+00
1.930000000000000071e+01,2.808623857156171688e+00
1.935000000000000142e+01,2.817769450748872195e+00
1.940000000000000213e+01,2.825955147939362977e+00
1.944999999999999929e+01,2.833474587787649934e+00
1.950000000000000000e+01,2.840344288159106778e+00
1.955000000000000071e+01,2.846515136552909997e+00
1.960000000000000142e+01,2.852505224944259510e+00
1.965000000000000213e+01,2.858679727726705533e+00
1.969999999999999929e+01,2.864984614005230856e+00
1.975000000000000000e+01,2.871313570107222102e+00
1.980000000000000071e+01,2.877780136077649598e+00
1.985000000000000142e+01,2.884595549600554865e+00
1.990000000000000213e+01,2.891376859340224481e+00
1.994999999999999929e+01,2.897844567141800720e+00
2.000000000000000000e+01,2.904124163406415438e+00
2.005000000000000071e+01,2.910138831488920275e+00
2.010000000000000142e+01,2.915875704216071895e+00
2.015000000000000213e+01,2.921246050867639887e+00
2.019999999999999929e+01,2.926381845148018357e+00
2.025000000000000000e+01,2.931499084026876645e+00
2.030000000000000071e+01,2.936651067258235770e+00
2.035000000000000142e+01,2.942196048544448050e+00
2.040000000000000213e+01,2.948451542902549960e+00
2.044999999999999929e+01,2.955398747024245321e+00
2.050000000000000000e+01,2.961554593930074475e+00
2.055000000000000071e+01,2.966876898171687760e+00
2.060000000000000142e+01,2.972556531757681864e+00
2.065000000000000213e+01,2.978840601602313676e+00
2.069999999999999929e+01,2.984876851618009308e+00
2.075000000000000000e+01,2.990422919075668151e+00
2.080000000000000071e+01,2.996899700554910506e+00
2.085000000000000142e+01,3.004499293060693965e+00
2.090000000000000213e+01,3.012235763193217064e+00
2.094999999999999929e+01,3.019581045998296354e+00
2.100000000000000000e+01,3.026919245950891124e+00
2.105000000000000071e+01,3.034169775464789165e+00
2.110000000000000142e+01,3.040194591605798635e+00
2.115000000000000213e+01,3.045211490871002180e+00
2.119999999999999929e+01,3.050277740138529925e+00
2.125000000000000000e+01,3.055949990201533684e+00
2.130000000000000071e+01,3.062698309577132960e+00
2.135000000000000142e+01,3.070014733579351507e+00
2.140000000000000213e+01,3.077559670311678541e+00
2.144999999999999929e+01,3.085022369314444735e+00
2.150000000000000000e+01,3.092089814192026775e+00
2.155000000000000071e+01,3.098848980676864873e+00
2.160000000000000142e+01,3.105761738594572385e+00
2.165000000000000213e+01,3.113460311515462209e+00
2.169999999999999929e+01,3.121903185727349594e+00
2.175000000000000000e+01,3.130242880607994937e+00
2.180000000000000071e+01,3.137636979571861495e+00
2.185000000000000142e+01,3.144149711424412796e+00
2.190000000000000213e+01,3.149968685578123484e+00
2.194999999999999929e+01,3.155221938678979932e+00
2.200000000000000000e+01,3.160523504320553290e+00
2.205000000000000071e+01,3.166430731625153872e+00
2.210000000000000142e+01,3.173472062102016711e+00
2.215000000000000213e+01,3.181547506258340707e+00
2.219999999999999929e+01,3.189940295538824966e+00
2.225000000000000000e+01,3.198421346461553405e+00
2.230000000000000071e+01,3.207354881261452739e+00
2.235000000000000142e+01,3.216114173928741327e+00
2.240000000000000213e+01,3.224615904531112243e+00
2.244999999999999929e+01,3.233046881434131770e+00
2.250000000000000000e+01,3.241430008231605431e+00
2.255000000000000071e+01,3.250294393514553182e+00
2.260000000000000142e+01,3.259436267632810580e+00
2.265000000000000213e+01,3.268120433526570334e+00
2.269999999999999929e+01,3.275882546495831882e+00
2.275000000000000000e+01,3.283712161659733564e+00
2.280000000000000071e+01,3.291972184303183724e+00
2.285000000000000142e+01,3.300012595650962499e+00
2.290000000000000213e+01,3.307946068886585600e+00
2.294999999999999929e+01,3.316865975109206222e+00
2.300000000000000000e+01,3.325999863921733635e+00
2.305000000000000071e+01,3.335467827840111976e+00
2.310000000000000142e+01,3.345979964961270259e+00
2.315000000000000213e+01,3.357924404852864253e+00
2.319999999999999929e+01,3.371395720265339069e+00
2.325000000000000000e+01,3.383909923338204617e+00
2.330000000000000071e+01,3.394795071942218634e+00
2.335000000000000142e+01,3.405849011121925063e+00
2.340000000000000213e+01,3.417957377152975429e+00
2.344999999999999929e+01,3.429107256069524823e+00
2.350000000000000000e+01,3.439598119734182724e+00
2.355000000000000071e+01,3.450416242351040719e+00
2.360000000000000142e+01,3.462939801737713097e+00
2.365000000000000213e+01,3.476055932251041369e+00
2.369999999999999929e+01,3.488124551422395747e+00
2.375000000000000000e+01,3.499486968378800800e+00
2.380000000000000071e+01,3.510957943126132630e+00
2.385000000000000142e+01,3.524802136488125459e+00
2.390000000000000213e+01,3.539398903023642795e+00
2.394999999999999929e+01,3.552728139089357917e+00
2.400000000000000000e+01,3.563943984794393227e+00
2.405000000000000071e+01,3.573361461062215305e+00
2.410000000000000142e+01,3.582014345791908472e+00
2.415000000000000213e+01,3.590345466772807637e+00
2.419999999999999929e+01,3.598736389718323103e+00
2.425000000000000000e+01,3.607499697781372916e+00
2.430000000000000071e+01,3.616763438877085068e+00
2.435000000000000142e+01,3.626327354692730598e+00
2.440000000000000213e+01,3.635751886030773150e+00
2.444999999999999929e+01,3.645280715502356994e+00
2.450000000000000000e+01,3.655483288052502555e+00
2.455000000000000071e+01,3.666147120258340220e+00
2.460000000000000142e+01,3.677084124523220421e+00
2.465000000000000213e+01,3.688861974657518861e+00
2.469999999999999929e+01,3.701203045734033026e+00
2.475000000000000000e+01,3.713433048036692163e+00
2.480000000000000071e+01,3.725696177770484230e+00
2.485000000000000142e+01,3.737705243309853653e+00
2.490000000000000213e+01,3.748902511094665435e+00
2.494999999999999929e+01,3.759100018310555402e+00
2.500000000000000000e+01,3.768499064272132326e+00
2.505000000000000071e+01,3.777553698214191069e+00
2.510000000000000142e+01,3.786665770469104686e+00
2.515000000000000213e+01,3.795964381963681689e+00
2.519999999999999929e+01,3.805255840046614324e+00
2.525000000000000000e+01,3.814323883380832836e+00
2.530000000000000071e+01,3.823260272966158890e+00
2.535000000000000142e+01,3.832621206143573378e+00
2.540000000000000213e+01,3.842958398489344063e+00
2.544999999999999929e+01,3.853710444734806284e+00
2.550000000000000000e+01,3.864320277085138589e+00
2.555000000000000071e+01,3.874039950478496142e+00
2.560000000000000142e+01,3.880989642083124025e+00
2.565000000000000213e+01,3.885453731142124223e+00
2.569999999999999929e+01,3.890718520124524904e+00
2.575000000000000000e+01,3.897577257911665871e+00
2.580000000000000071e+01,3.905032425745944114e+00
2.585000000000000142e+01,3.913390445818733632e+00
2.590000000000000213e+01,3.922541696148451607e+00
2.594999999999999929e+01,3.932230045955326769e+00
2.600000000000000000e+01,3.943173768247425937e+00
2.605000000000000071e+01,3.955996529002899997e+00
2.610000000000000142e+01,3.968270073665770781e+00
2.615000000000000213e+01,3.979001220839470498e+00
2.619999999999999929e+01,3.989816455456403954e+00
2.625000000000000000e+01,4.000686145377641445e+00
2.630000000000000071e+01,4.011690141170286772e+00
2.635000000000000142e+01,4.023451521515678309e+00
2.640000000000000213e+01,4.035654719139261104e+00
2.644999999999999929e+01,4.047388604173702831e+00
2.650000000000000000e+01,4.057669194296931181e+00
2.655000000000000071e+01,4.067035597122860224e+00
2.660000000000000142e+01,4.076767322964001572e+00
2.665000000000000213e+01,4.085818075510304404e+00
2.669999999999999929e+01,4.094474691032152336e+00
2.675000000000000000e+01,4.104227383047700073e+00
2.680000000000000071e+01,4.114315468273936460e+00
2.685000000000000142e+01,4.124561664995356480e+00
2.690000000000000213e+01,4.135172660538337652e+00
2.694999999999999929e+01,4.145418052945745835e+00
2.700000000000000000e+01,4.154760523613285628e+00
2.705000000000000071e+01,4.163697945500540065e+00
2.710000000000000142e+01,4.174088942731603247e+00
2.715000000000000213e+01,4.185546669494494054e+00
2.719999999999999929e+01,4.196247185295626458e+00
2.725000000000000000e+01,4.205568836157003609e+00
2.730000000000000071e+01,4.213923331613150580e+00
2.735000000000000142e+01,4.222672474143215560e+00
2.740000000000000213e+01,4.232488884662990003e+00
2.744999999999999929e+01,4.243442530305265414e+00
2.750000000000000000e+01,4.254570885988883333e+00
2.755000000000000071e+01,4.265964923455452862e+00
2.760000000000000142e+01,4.278198427584482211e+00
2.765000000000000213e+01,4.290779574566204957e+00
2.769999999999999929e+01,4.303637965506135643e+00
2.775000000000000000e+01,4.317242213136443851e+00
2.780000000000000071e+01,4.331870298412951570e+00
2.785000000000000142e+01,4.344307270627466799e+00
2.790000000000000213e+01,4.353220415208681970e+00
2.794999999999999929e+01,4.361248629375638508e+00
2.800000000000000000e+01,4.369944483208717756e+00
2.805000000000000071e+01,4.380714538111746492e+00
2.810000000000000142e+01,4.391625982418706720e+00
2.815000000000000213e+01,4.402505608502635503e+00
2.819999999999999929e+01,4.417074601305913006e+00
2.825000000000000000e+01,4.434897351287646394e+00
2.830000000000000071e+01,4.453259821068986213e+00
2.835000000000000142e+01,4.470321319079206823e+00
2.840000000000000213e+01,4.485842372122301747e+00
2.844999999999999929e+01,4.499395279037623041e+00
2.850000000000000000e+01,4.511524685241830923e+00
2.855000000000000071e+01,4.522886023630283248e+00
2.860000000000000142e+01,4.532629237779833176e+00
2.865000000000000213e+01,4.541298639910367640e+00
2.869999999999999929e+01,4.549954160412971405e+00
2.875000000000000000e+01,4.558864146192425970e+00
2.880000000000000071e+01,4.567908742824580592e+00
2.885000000000000142e+01,4.578962106890587691e+00
2.890000000000000213e+01,4.591059629342066906e+00
2.894999999999999929e+01,4.601972292916593155e+00
2.900000000000000000e+01,4.613260544986252043e+00
2.905000000000000071e+01,4.625458586486621115e+00
2.910000000000000142e+01,4.637921643945730032e+00
2.915000000000000213e+01,4.650990023230125558e+00
2.919999999999999929e+01,4.665065491722108604e+00
2.925000000000000000e+01,4.679701927751918511e+00
2.930000000000000071e+01,4.694490178344573827e+00
2.935000000000000142e+01,4.709350138923940499e+00
2.940000000000000213e+01,4.724222887239719171e+00
2.944999999999999929e+01,4.739151094127983299e+00
2.950000000000000000e+01,4.754204381588662542e+00
2.955000000000000071e+01,4.768844470711567141e+00
2.960000000000000142e+01,4.781297164862737148e+00
2.965000000000000213e+01,4.790775573453856850e+00
2.969999999999999929e+01,4.799746426417106804e+00
2.975000000000000000e+01,4.811062017663503276e+00
2.980000000000000071e+01,4.824212512416149679e+00
2.985000000000000142e+01,4.836100971642510515e+00
2.990000000000000213e+01,4.847018791969921025e+00
2.994999999999999929e+01,4.859089312542445249e+00
3.000000000000000000e+01,4.871121250465796138e+00
