s,rho,cyc0,cyc1,cyc2,cyc3,reach,curv_radius,half_nonlocal_sep,L,spacing,core_over_reach,spacing_over_core
0.000000000000000000e+00,-1.527424269191908490e-02,1.206838200600430094e-01,2.898416268804777235e-02,9.193443736024720092e-02,3.022785803559016604e-02,1.008428556220017924e-01,1.508160926981398642e-01,1.008428556220017924e-01,1.047407294867721284e+01,4.091434745577036264e-02,4.958209452875811940e-01,8.182869491154072250e-01
1.499999999999999944e-02,-1.499760283295933222e-02,1.526029580224895210e-01,2.651549300370400694e-02,1.097231259132613462e-01,3.121155435522986188e-02,1.605928362494191686e-01,1.605928362494191686e-01,1.679359697939827867e-01,1.071476828193487663e+01,4.185456360130811182e-02,3.113463910827519165e-01,8.370912720261621809e-01
2.999999999999999889e-02,-1.444062786249960401e-02,1.547099982699229326e-01,2.641361525053293260e-02,1.099329730124748994e-01,3.061780724177028470e-02,1.600507079939756938e-01,1.600507079939756938e-01,1.681370659695898273e-01,1.071871391102803628e+01,4.186997621495326671e-02,3.124009923272692002e-01,8.373995242990652788e-01
4.499999999999999833e-02,-1.389516677973919034e-02,1.568234568264881834e-01,2.628582016687683320e-02,1.101228281286158323e-01,2.996228005073316852e-02,1.597545480577866328e-01,1.597545480577866328e-01,1.682039246832087442e-01,1.072294061214507188e+01,4.188648676619168704e-02,3.129801348873894606e-01,8.377297353238336575e-01
5.999999999999999778e-02,-1.335983000121316461e-02,1.589397520058407898e-01,2.613175154040917048e-02,1.102946311622108322e-01,2.924914536193064588e-02,1.596725491974885225e-01,1.596725491974885225e-01,1.682572013697826996e-01,1.072744019748387778e+01,4.190406327142139759e-02,3.131408639199357857e-01,8.380812654284278684e-01
7.499999999999999722e-02,-1.283330075498267941e-02,1.610550849799038675e-01,2.595113064947015408e-02,1.104501008209689550e-01,2.848263216521847857e-02,1.590028790576276940e-01,1.590028790576276940e-01,1.683146885312171159e-01,1.073220413990110167e+01,4.192267242148867840e-02,3.144597147947139626e-01,8.384534484297735402e-01
8.999999999999999667e-02,-1.231429854410919650e-02,1.631654770152622669e-01,2.574373543560678004e-02,1.105908696009553494e-01,2.766698470284598838e-02,1.578460978234819678e-01,1.578460978234819678e-01,1.683761338281732634e-01,1.073722407815758650e+01,4.194228155530307228e-02,3.167642449794014214e-01,8.388456311060613624e-01
1.049999999999999961e-01,-1.180157864928538247e-02,1.652667962064807428e-01,2.550939659006333168e-02,1.107184785510357955e-01,2.680643793700151697e-02,1.568375358829589838e-01,1.568375358829589838e-01,1.684412438285482205e-01,1.074249178444410369e+01,4.196285853298478002e-02,3.188012341466064936e-01,8.392571706596955172e-01
1.199999999999999956e-01,-1.129393204483959690e-02,1.673547981786392691e-01,2.524799433046700722e-02,1.108343841087672949e-01,2.590519436607732415e-02,1.559631202467302025e-01,1.559631202467302025e-01,1.685097065630192237e-01,1.074799912646506428e+01,4.198437158775415734e-02,3.205886104413729898e-01,8.396874317550830913e-01
1.350000000000000089e-01,-1.079018565575246696e-02,1.694251786616949307e-01,2.495945587709403127e-02,1.109399798648045415e-01,2.496740245134197039e-02,1.552080273994954074e-01,1.552080273994954074e-01,1.685812113392384237e-01,1.075373802605962048e+01,4.200678916429539250e-02,3.221482859987856440e-01,8.401357832859077668e-01
1.499999999999999944e-01,-1.028920285293379033e-02,1.714736342934863322e-01,2.464375332073001287e-02,1.110366330594579481e-01,2.399713691238119714e-02,1.545610837799119841e-01,1.545610837799119841e-01,1.686554664698923234e-01,1.075970041645246766e+01,4.203007975176745181e-02,3.234966964336103423e-01,8.406015950353490362e-01
1.650000000000000078e-01,-9.789884096863522844e-03,1.734959266982665782e-01,2.430090156557427120e-02,1.111257308156464174e-01,2.299838108828782327e-02,1.540173446888355446e-01,1.540173446888355446e-01,1.687322155518510003e-01,1.076587820010172258e+01,4.205421171914735384e-02,3.246387613097476144e-01,8.410842343829469936e-01
1.799999999999999933e-01,-9.291167659936344636e-03,1.754879443297838459e-01,2.393095622923471777e-02,1.112087257392854744e-01,2.197501143996759623e-02,1.535783802059096370e-01,1.535783802059096370e-01,1.688008807342000206e-01,1.077226320884524213e+01,4.207915315955172708e-02,3.255666580996797177e-01,8.415830631910344861e-01
1.950000000000000067e-01,-8.792030367821876413e-03,1.774457571705456427e-01,2.353401160439064568e-02,1.112871666454933323e-01,2.093078411613592815e-02,1.532506807394052040e-01,1.532506807394052040e-01,1.687701271277402826e-01,1.077884716773755258e+01,4.210487174897481477e-02,3.262628247963374473e-01,8.420974349794962954e-01
2.099999999999999922e-01,-8.291488304200275716e-03,1.793656611771005105e-01,2.311019888756750060e-02,1.113627000937224831e-01,1.986932337645874735e-02,1.530432129725262658e-01,1.530432129725262658e-01,1.687028776341742142e-01,1.078562166365580310e+01,4.213133462365548088e-02,3.267051117711166630e-01,8.426266924731096175e-01
2.250000000000000056e-01,-7.788597428829521774e-03,1.812442119229099313e-01,2.265968479503101957e-02,1.114370335454167443e-01,1.879411161622506279e-02,1.529652560578899367e-01,1.529652560578899367e-01,1.685859271368357337e-01,1.079257811945087120e+01,4.215850827910496562e-02,3.268716131268228908e-01,8.431701655820992292e-01
2.399999999999999911e-01,-7.282454068797634961e-03,1.830782494760397616e-01,2.218267039836717414e-02,1.115118607548431229e-01,1.770848079602415498e-02,1.530252519877240980e-01,1.530252519877240980e-01,1.684613484701237562e-01,1.079970777414863825e+01,4.218635849276811817e-02,3.267434580275095368e-01,8.437271698553623356e-01
2.550000000000000044e-01,-6.772195254382058771e-03,1.848649184504537746e-01,2.167938951524713692e-02,1.115887616394358045e-01,1.661560522840007520e-02,1.518003156758132854e-01,1.518003156758132854e-01,1.683298007949871888e-01,1.080700166947294960e+01,4.221485027137870938e-02,3.293800792007616773e-01,8.442970054275741321e-01
2.700000000000000178e-01,-6.256998877937111625e-03,1.866016880321202109e-01,2.115010531287473197e-02,1.116690980558863872e-01,1.551849585019732074e-02,1.507033060430615912e-01,1.507033060430615912e-01,1.681920382406427161e-01,1.081445064274905121e+01,4.224394782323848130e-02,3.317777248079290531e-01,8.448789564647696260e-01
2.850000000000000311e-01,-5.736083654355746131e-03,1.882863766989739118e-01,2.059510310406681768e-02,1.117539296904062479e-01,1.441999623621713876e-02,1.497449928248785200e-01,1.497449928248785200e-01,1.680489066701774115e-01,1.082204532603700642e+01,4.227361455483205632e-02,3.339009809728545330e-01,8.454722910966411265e-01
2.999999999999999889e-01,-5.208708861993850692e-03,1.899171856628866228e-01,2.001467709528691533e-02,1.118439690534975550e-01,1.332278062631418389e-02,1.489277776057732483e-01,1.489277776057732483e-01,1.679013381828845797e-01,1.082977615113232694e+01,4.230381309036065213e-02,3.357332044016329564e-01,8.460762618072129593e-01
3.150000000000000022e-01,-4.674173851817890746e-03,1.914927439485704930e-01,1.940910978362288958e-02,1.119395831372509004e-01,1.222935412608971116e-02,1.482540099967468716e-01,1.482540099967468716e-01,1.677503441275083607e-01,1.083763335986028764e+01,4.233450531195424860e-02,3.372590056828624894e-01,8.466901062390849164e-01
3.300000000000000155e-01,-4.131817327713969978e-03,1.930121662325564591e-01,1.877864542864191022e-02,1.120408361998812691e-01,1.114205502802832239e-02,1.477267056039508475e-01,1.477267056039508475e-01,1.675970076475847836e-01,1.084560701890035261e+01,4.236565241757950240e-02,3.384628378165280838e-01,8.473130483515900480e-01
3.450000000000000289e-01,-3.581016412519427705e-03,1.944751214696492092e-01,1.812346354620708935e-02,1.121475585727641638e-01,1.006305893842635371e-02,1.473497759983828370e-01,1.473497759983828370e-01,1.674057548753086211e-01,1.085368703824295622e+01,4.239721499313654773e-02,3.393286461497488360e-01,8.479442998627308992e-01
3.599999999999999867e-01,-3.021185518467521536e-03,1.958819054521200587e-01,1.744366350764681856e-02,1.122594235835992771e-01,8.994384138986231611e-03,1.471277400465992036e-01,1.471277400465992036e-01,1.669212289217081313e-01,1.086186319232581177e+01,4.242915309502270221e-02,3.398407396468109409e-01,8.485830619004539610e-01
3.750000000000000000e-01,-2.451775042160361795e-03,1.972335041582286008e-01,1.673927462932237042e-02,1.123760183740735163e-01,7.937897399700742304e-03,1.470651933809168643e-01,1.470651933809168643e-01,1.664375991911685171e-01,1.087012514290999832e+01,4.246142633949218093e-02,3.399852735411966753e-01,8.492285267898436185e-01
3.900000000000000133e-01,-1.872269906872114920e-03,1.985316287673639657e-01,1.601030460351538648e-02,1.124969010837887085e-01,6.895319323537867952e-03,1.465862129955309012e-01,1.465862129955309012e-01,1.659570537582924221e-01,1.087846246281140061e+01,4.249399399535703364e-02,3.410961984639332978e-01,8.498798799071406451e-01
4.050000000000000266e-01,-1.282187977999227346e-03,1.997787003823454921e-01,1.525683072192640134e-02,1.126216420000330370e-01,5.868228285981599152e-03,1.452512811191553899e-01,1.452512811191553899e-01,1.651998786912442507e-01,1.088686465968382677e+01,4.252681507688994833e-02,3.442310430224916340e-01,8.505363015377989111e-01
4.199999999999999845e-01,-6.810783794717889528e-04,2.009777657047185362e-01,1.447912375964032460e-02,1.127498468810188281e-01,4.858062193181958074e-03,1.440741340203632037e-01,1.440741340203632037e-01,1.644414082308690572e-01,1.089532119914956709e+01,4.255984843417799646e-02,3.470435574017268210e-01,8.511969686835598736e-01
4.349999999999999978e-01,-6.851973933351407364e-05,2.021323355804275357e-01,1.367777794932796380e-02,1.128811572135891977e-01,3.866117674045086751e-03,1.430554699574637656e-01,1.430554699574637656e-01,1.636842216544031337e-01,1.090382152668193605e+01,4.259305283860131269e-02,3.495147722409149837e-01,8.518610567720261706e-01
4.500000000000000111e-01,5.558816104895489274e-04,2.032461551328964555e-01,1.285380931889967479e-02,1.130152183784713521e-01,2.893546940462662052e-03,1.421952490664902258e-01,1.421952490664902258e-01,1.629307740832283136e-01,1.091235508776185981e+01,4.262638706156976487e-02,3.516291882341308073e-01,8.525277412313952974e-01
4.650000000000000244e-01,1.192493462508631419e-03,2.043229327887173818e-01,1.200868585851738897e-02,1.131516074213592127e-01,1.941353292810035595e-03,1.414930675263922910e-01,1.414930675263922910e-01,1.621834140070266828e-01,1.092091134595966651e+01,4.265980994515494729e-02,3.533742032320675297e-01,8.531961989030989457e-01
4.799999999999999822e-01,1.841659579898916044e-03,2.053660697348896891e-01,1.114426956431745913e-02,1.132897204254493390e-01,1.010386912389534420e-03,1.409486130601451670e-01,1.409486130601451670e-01,1.614443503984881734e-01,1.092947979872720410e+01,4.269328046377814101e-02,3.547392125005455199e-01,8.538656092755627647e-01
4.949999999999999956e-01,2.503701555108449328e-03,2.063784355949404570e-01,1.026267841582590573e-02,1.134286344172615868e-01,1.013429267474114570e-04,1.405619619068008974e-01,1.405619619068008974e-01,1.607156266601712513e-01,1.093804999081046425e+01,4.272675777660337598e-02,3.557150122388895164e-01,8.545351555320674919e-01
5.100000000000000089e-01,3.178920679649283043e-03,2.073622277231652877e-01,9.366105080203662725e-03,1.135669751338782424e-01,-7.852364251409785483e-04,1.403336067298622813e-01,1.403336067298622813e-01,1.599991065938663193e-01,1.094661152530657056e+01,4.276020127072879123e-02,3.562938426876493536e-01,8.552040254145757414e-01
5.250000000000000222e-01,3.867599829243492660e-03,2.083189322714988356e-01,8.456645504972184341e-03,1.137028323397975549e-01,-1.648954393895334320e-03,1.402143077357596301e-01,1.402143077357596301e-01,1.592964756697754503e-01,1.095515407249516215e+01,4.279357059568422716e-02,3.565969893331237262e-01,8.558714119136845433e-01
5.400000000000000355e-01,4.570005369337153123e-03,2.092493809563009122e-01,7.536185834780394048e-03,1.138337621739277800e-01,-2.489547020332072338e-03,1.387432028470335366e-01,1.387432028470335366e-01,1.584391578941312939e-01,1.096366737666481939e+01,4.282682569009695073e-02,3.603780147350768015e-01,8.565365138019389590e-01
5.550000000000000488e-01,5.286389079409925529e-03,2.101538761245309028e-01,6.606371315738825481e-03,1.139568988381076398e-01,-3.306866200125017138e-03,1.374205290653808254e-01,1.374205290653808254e-01,1.575168459510717656e-01,1.097214126121750510e+01,4.285992680163087931e-02,3.638466562460359044e-01,8.571985360326175307e-01
5.700000000000000622e-01,6.016990087837036094e-03,2.110323451773877257e-01,5.668647299888500066e-03,1.140691692134884888e-01,-4.100860422031907260e-03,1.362436515570712436e-01,1.362436515570712436e-01,1.566086316544273160e-01,1.098056563237557093e+01,4.289283450146707394e-02,3.669895766046423757e-01,8.578566900293413955e-01
5.849999999999999645e-01,6.762036806118247589e-03,2.118844868770240475e-01,4.724336189669724358e-03,1.141675723203926240e-01,-4.871555393595344320e-03,1.352099594946696015e-01,1.352099594946696015e-01,1.557158648685775526e-01,1.098893048185055044e+01,4.292550969472871264e-02,3.697952442768918657e-01,8.585101938945741695e-01
5.999999999999999778e-01,7.521748845312765941e-03,2.127098848777100037e-01,3.774707446492802775e-03,1.142494619829139413e-01,-5.619036474570651869e-03,1.343167694237688281e-01,1.343167694237688281e-01,1.548398634146797570e-01,1.099722588885765973e+01,4.295791362835023330e-02,3.722543373735427985e-01,8.591582725670046106e-01
6.149999999999999911e-01,8.296338888719133331e-03,2.135080822054610805e-01,2.821012320676806635e-03,1.143127650803908990e-01,-6.343434109453596585e-03,1.335613807535696307e-01,1.335613807535696307e-01,1.539819170887971322e-01,1.100544202186616793e+01,4.299000789791471849e-02,3.743597117512105221e-01,8.598001579582943421e-01
6.300000000000000044e-01,9.086014494847707845e-03,2.142786269040736491e-01,1.864480960918839464e-03,1.143560832528103532e-01,-7.044912600717184725e-03,1.329412243683824879e-01,1.329412243683824879e-01,1.531432743419183784e-01,1.101356914047307711e+01,4.302175445497295747e-02,3.761060591818314869e-01,8.604350890994590939e-01
6.450000000000000178e-01,9.890979812839109653e-03,2.150211076408898858e-01,9.063016148744215423e-04,1.143786589231769596e-01,-7.723661924832867127e-03,1.324540010222436670e-01,1.324540010222436670e-01,1.523251159347061567e-01,1.102159759778717074e+01,4.305311561635613571e-02,3.774895406262831488e-01,8.610623123271227142e-01
6.600000000000000311e-01,1.071143719457685189e-02,2.157351965232847391e-01,-5.239208798027777622e-05,1.143802259298354745e-01,-8.379892070208028523e-03,1.320977273258119034e-01,1.320977273258119034e-01,1.515285228638591497e-01,1.102951784370388033e+01,4.308405407696828254e-02,3.785076474228637466e-01,8.616810815393656231e-01
6.750000000000000444e-01,1.154758868480883910e-02,2.164207069998304311e-01,-1.010510618164602676e-03,1.143607967024618949e-01,-9.013829568207398779e-03,1.318706709524255227e-01,1.318706709524255227e-01,1.507544464963009034e-01,1.103732042942992386e+01,4.311453292746064009e-02,3.791593660582671110e-01,8.622906585492127185e-01
6.900000000000000577e-01,1.239963737642427871e-02,2.170776629123201684e-01,-1.966978345087625011e-03,1.143204503228650026e-01,-9.625716296908087832e-03,1.307244298794137949e-01,1.307244298794137949e-01,1.500036869858130950e-01,1.104499601358990013e+01,4.314451567808554738e-02,3.824839782902269558e-01,8.628903135617108644e-01
7.049999999999999600e-01,1.326778862752411858e-02,2.177063663642501146e-01,-2.920700626374392057e-03,1.142591754721411362e-01,-1.021581096420902911e-02,1.293105209784164156e-01,1.293105209784164156e-01,1.492768823907832665e-01,1.105253537021534704e+01,4.317396628990369939e-02,3.866661399372572361e-01,8.634793257980739600e-01
7.199999999999999734e-01,1.415225113470612583e-02,2.183074506398063330e-01,-3.870545123576224749e-03,1.141767951651388585e-01,-1.078439366617234448e-02,1.280124040109590633e-01,1.280124040109590633e-01,1.485745068001300129e-01,1.105992939885089754e+01,4.320284921426131852e-02,3.905871496305899915e-01,8.640569842852263704e-01
7.349999999999999867e-01,1.505323785047608942e-02,2.188819097754594323e-01,-4.815342572243924354e-03,1.140729687411692894e-01,-1.133177347617509573e-02,1.268259446640535026e-01,1.268259446640535026e-01,1.477968576852612959e-01,1.106716913690050674e+01,4.323112944101760446e-02,3.942411005291063808e-01,8.646225888203520338e-01
7.500000000000000000e-01,1.597096673715703991e-02,2.194311050860171253e-01,-5.753898452017217405e-03,1.139472436131897110e-01,-1.185829826966798214e-02,1.257471521790154145e-01,1.257471521790154145e-01,1.469246009135385944e-01,1.107424577421115686e+01,4.325877255551233147e-02,3.976233189664549750e-01,8.651754511102466294e-01
7.650000000000000133e-01,1.690566135586969720e-02,2.199567562272835564e-01,-6.685001127620417150e-03,1.137991221355577204e-01,-1.236436520674835497e-02,1.247721347566058542e-01,1.247721347566058542e-01,1.460744601749790483e-01,1.108115066979488361e+01,4.328574480388626411e-02,4.007305004241168422e-01,8.657148960777252267e-01
7.800000000000000266e-01,1.785755128734745761e-02,2.204609267220184465e-01,-7.607417296225956957e-03,1.136281169327191809e-01,-1.285042979829220493e-02,1.238971047525884439e-01,1.238971047525884439e-01,1.452464552576229195e-01,1.108787537054769423e+01,4.331201316620193059e-02,4.035606812592237858e-01,8.662402633240385841e-01
7.950000000000000400e-01,1.882687238975620792e-02,2.209460107145203300e-01,-8.519876752858550686e-03,1.134337838976689355e-01,-1.331701149505743788e-02,1.231184060159042082e-01,1.231184060159042082e-01,1.444404277946990112e-01,1.109441163186445856e+01,4.333754543697054123e-02,4.061131200280573283e-01,8.667509087394107414e-01
8.100000000000000533e-01,1.981386692873328415e-02,2.214147214770741390e-01,-9.421056532314857693e-03,1.132157364801851668e-01,-1.376469430232399663e-02,1.224325326387667306e-01,1.224325326387667306e-01,1.436560213559302246e-01,1.110075144019027427e+01,4.336231031324325885e-02,4.083881867209543381e-01,8.672462062648651493e-01
8.250000000000000666e-01,2.081878364308886037e-02,2.218700767352821124e-01,-1.030957368374376196e-02,1.129736512650807156e-01,-1.419412187672055084e-02,1.218361236893217292e-01,1.218361236893217292e-01,1.428926670738110694e-01,1.110688703773855046e+01,4.338627749116621274e-02,4.103873177014267792e-01,8.677255498233241715e-01
8.399999999999999689e-01,2.184187781941042406e-02,2.223153742903682395e-01,-1.118398795148634051e-02,1.127072722256901444e-01,-1.460598761929366059e-02,1.213259383083173659e-01,1.213259383083173659e-01,1.421495773070746427e-01,1.111281094973719163e+01,4.340941777241090482e-02,4.121130295562882573e-01,8.681883554482180410e-01
8.549999999999999822e-01,2.288341145617626277e-02,2.227541543472553454e-01,-1.204280762443422394e-02,1.124164136835848343e-01,-1.500102113850856900e-02,1.208988268251384862e-01,1.208988268251384862e-01,1.414257465719745421e-01,1.111851601455325245e+01,4.343170318184864237e-02,4.135689428344684893e-01,8.686340636369728196e-01
8.699999999999999956e-01,2.394365360868238451e-02,2.231901504419148974e-01,-1.288449039924217769e-02,1.121009562598614673e-01,-1.537997291092235534e-02,1.203972189935976767e-01,1.203972189935976767e-01,1.407199563079320759e-01,1.112399541687522841e+01,4.345310709716886099e-02,4.152919844656780546e-01,8.690621419433771644e-01
8.850000000000000089e-01,2.502288099894037915e-02,2.236272356092421087e-01,-1.370743720500199048e-02,1.117608304374511363e-01,-1.574359895714703625e-02,1.189725791122521747e-01,1.189725791122521747e-01,1.399110656260207919e-01,1.112924272381719426e+01,4.347360438991091508e-02,4.202649078727994092e-01,8.694720877982182738e-01
9.000000000000000222e-01,2.612137894701325319e-02,2.240693717936086682e-01,-1.450998542998881320e-02,1.113959888045240737e-01,-1.609264696242281717e-02,1.176206011593713546e-01,1.176206011593713546e-01,1.389119670509778026e-01,1.113425192341416547e+01,4.349317157583658389e-02,4.250955998112264655e-01,8.698634315167316222e-01
9.150000000000000355e-01,2.723944265482745181e-02,2.245205679502401130e-01,-1.529041208561028597e-02,1.110063764315949858e-01,-1.642784468161917477e-02,1.163371265279590228e-01,1.163371265279590228e-01,1.379212494032987235e-01,1.113901746462678233e+01,4.351178697119836847e-02,4.297854132402317839e-01,8.702357394239673694e-01
9.300000000000000488e-01,2.837737885176681157e-02,2.249848475733371433e-01,-1.604695404457806562e-02,1.105919134268487231e-01,-1.674989087024925799e-02,1.151182589273865714e-01,1.151182589273865714e-01,1.369366881679386916e-01,1.114353429777884585e+01,4.352943085069861662e-02,4.343359643020541783e-01,8.705886170139722768e-01
9.450000000000000622e-01,2.953550777796534743e-02,2.254662223812837207e-01,-1.677784428410967685e-02,1.101525007339777540e-01,-1.705944852117188132e-02,1.139603623776381525e-01,1.139603623776381525e-01,1.359559177484102876e-01,1.114779791433863032e+01,4.354608560288527469e-02,4.387490435868536820e-01,8.709217120577054105e-01
9.599999999999999645e-01,3.071416545222401678e-02,2.259686678131958004e-01,-1.748135600769412656e-02,1.096880501513493034e-01,-1.735713993045310405e-02,1.128600402009049680e-01,1.128600402009049680e-01,1.349764518481285092e-01,1.115180438508758165e+01,4.356173587924836582e-02,4.430266010094782714e-01,8.712347175849672887e-01
9.749999999999999778e-01,3.191370617770108997e-02,2.264960981603273416e-01,-1.815584511607295365e-02,1.091985270327885255e-01,-1.764354306221810331e-02,1.118140993916535431e-01,1.118140993916535431e-01,1.339957003839337968e-01,1.115555039596174858e+01,4.357636873422558038e-02,4.471707975294240689e-01,8.715273746845115799e-01
9.899999999999999911e-01,3.313450527051872013e-02,2.270523429176951324e-01,-1.879978570933630785e-02,1.086839857259653680e-01,-1.791918877489315221e-02,1.108195177780115226e-01,1.108195177780115226e-01,1.330109829260734122e-01,1.115903328116085191e+01,4.358997375453457779e-02,4.511840603760581825e-01,8.717994750906915558e-01
1.005000000000000115e+00,3.437696202062301420e-02,2.276411287876828338e-01,-1.941179922823425830e-02,1.081445785052681380e-01,-1.818455862748370039e-02,1.098734320835528938e-01,1.098734320835528938e-01,1.320195411654815354e-01,1.116225105342572199e+01,4.360254317744422653e-02,4.550690649398997922e-01,8.720508635488845028e-01
1.020000000000000018e+00,3.564150290610627186e-02,2.282660718994677096e-01,-1.999068115680448926e-02,1.075805292068737345e-01,-1.844008312673933378e-02,1.089731525407488105e-01,1.089731525407488105e-01,1.310185538937675975e-01,1.116520243163529713e+01,4.361407199857537942e-02,4.588286090126949546e-01,8.722814399715075329e-01
1.034999999999999920e+00,3.692858509346039902e-02,2.289306821861269159e-01,-2.053542832827549847e-02,1.069920786168214177e-01,-1.868614035459774392e-02,1.081161922790174618e-01,1.081161922790174618e-01,1.300051569995093748e-01,1.116788686606092718e+01,4.362455807055049678e-02,4.624654174923593097e-01,8.724911614110099078e-01
1.050000000000000044e+00,3.823870025953696183e-02,2.296383781318303285e-01,-2.104526654445715642e-02,1.063794224384830983e-01,-1.892305491829154515e-02,1.073002889633261625e-01,1.073002889633261625e-01,1.287884007381967233e-01,1.117030456172036423e+01,4.363400219422017279e-02,4.659819696952479662e-01,8.726800438844034558e-01
1.064999999999999947e+00,3.957237876171486313e-02,2.303925075062133176e-01,-2.151967552272844586e-02,1.057426673844845261e-01,-1.915109711593766806e-02,1.065233995354426394e-01,1.065233995354426394e-01,1.275261157640746601e-01,1.117245650026123371e+01,4.364240820414544419e-02,4.693804386459138334e-01,8.728481640829088839e-01
1.080000000000000071e+00,4.093019418103258089e-02,2.311963696842443960e-01,-2.195840798675119734e-02,1.050818236028168429e-01,-1.937048215272805379e-02,1.057836647843940908e-01,1.057836647843940908e-01,1.262498644429172201e-01,1.117434446068324760e+01,4.364978304954393595e-02,4.726627698322693472e-01,8.729956609908786636e-01
1.094999999999999973e+00,4.231276827679275598e-02,2.320532375151152793e-01,-2.236150153295990081e-02,1.043968350003373902e-01,-1.958136921853381382e-02,1.050793591171719082e-01,1.050793591171719082e-01,1.249580930716263361e-01,1.117597103903721312e+01,4.365613687123911374e-02,4.758308427085665149e-01,8.731227374247821915e-01
1.110000000000000098e+00,4.372077639560498913e-02,2.329663798288540977e-01,-2.272928377575260048e-02,1.036876305902592332e-01,-1.978386025917479654e-02,1.044088505882001666e-01,1.044088505882001666e-01,1.236494175770638387e-01,1.117733966706464166e+01,4.366148307447125648e-02,4.788866050944802222e-01,8.732296614894250464e-01
1.125000000000000000e+00,4.515495335877470207e-02,2.339390875681304771e-01,-2.306237157971605459e-02,1.029541686915986243e-01,-1.997799831726993630e-02,1.037705906442040471e-01,1.037705906442040471e-01,1.223226523702836827e-01,1.117845462958926284e+01,4.366583839683305795e-02,4.818320845010308218e-01,8.733167679366611313e-01
1.140000000000000124e+00,4.661609982812350839e-02,2.349747060944988031e-01,-2.336166386370173986e-02,1.021964476816131367e-01,-2.016376534202546020e-02,1.031631352422291564e-01,1.031631352422291564e-01,1.209768403650000740e-01,1.117932108037268613e+01,4.366922297020580518e-02,4.846692559565873859e-01,8.733844594041160203e-01
1.155000000000000027e+00,4.810508913031006500e-02,2.360766738420796707e-01,-2.362832582920293065e-02,1.014144719878089657e-01,-2.034107933842893220e-02,1.025851796910211139e-01,1.025851796910211139e-01,1.196112849073680262e-01,1.117994505613714118e+01,4.367166037553570773e-02,4.873998383645304355e-01,8.734332075107140714e-01
1.169999999999999929e+00,4.962287448773729931e-02,2.372485647559383903e-01,-2.386376202762361190e-02,1.006081835181506789e-01,-2.050979064615259667e-02,1.020355805522971393e-01,1.020355805522971393e-01,1.182255820151802833e-01,1.118033348853359144e+01,4.367317768958434154e-02,4.900251434779958060e-01,8.734635537916868309e-01
1.185000000000000053e+00,5.117049655946260406e-02,2.384941305803015832e-01,-2.406957695179064854e-02,9.977738643846859046e-02,-2.066967705068300035e-02,1.007983812274165780e-01,1.007983812274165780e-01,1.168196491973381712e-01,1.118049421395383547e+01,4.367380552325716980e-02,4.960397120583945330e-01,8.734761104651433961e-01
1.199999999999999956e+00,5.274909115499652051e-02,2.398173398541511292e-01,-2.424752407387500280e-02,9.892169796131762560e-02,-2.082043740297156650e-02,9.956300576113437384e-02,9.956300576113437384e-02,1.153937464756232406e-01,1.118043598124533489e+01,4.367357805173958940e-02,5.021945613007809950e-01,8.734715610347917325e-01
1.215000000000000080e+00,5.435989694679711770e-02,2.412224128679704149e-01,-2.439944617917179023e-02,9.804054639394520210e-02,-2.096168351500317037e-02,9.835136273588308831e-02,9.835136273588308831e-02,1.139484865404314373e-01,1.118016845759428968e+01,4.367253303747769405e-02,5.083813646209673909e-01,8.734506607495537978e-01
1.229999999999999982e+00,5.600426295861100218e-02,2.427138543388059344e-01,-2.452721066804942895e-02,9.713321497291854678e-02,-2.109293031329710633e-02,9.716293520995199218e-02,9.716293520995199218e-02,1.124848336726979314e-01,1.117970223309114175e+01,4.367071184801227246e-02,5.145995218439912700e-01,8.734142369602454492e-01
1.245000000000000107e+00,5.768365556101064107e-02,2.442964867195477063e-01,-2.463264336085092474e-02,9.619890709316733513e-02,-2.121358452229510361e-02,9.599743712588754141e-02,9.599743712588754141e-02,1.110040938552977752e-01,1.117904882476294226e+01,4.366815947173024320e-02,5.208472381864927003e-01,8.733631894346047808e-01
1.260000000000000009e+00,5.939966468636398433e-02,2.459754863590953300e-01,-2.471746395383855183e-02,9.523679745543529862e-02,-2.132293243847753830e-02,9.485477229826290435e-02,9.485477229826290435e-02,1.095079000593670027e-01,1.117822068114785772e+01,4.366492453573381921e-02,5.271216069422335337e-01,8.732984907146763565e-01
1.275000000000000133e+00,6.115400898454975698e-02,2.477564228560655279e-01,-2.478322616370032955e-02,9.424604105780882979e-02,-2.142012757796765351e-02,9.373498326961487992e-02,9.373498326961487992e-02,1.079981963920614296e-01,1.117723118876825517e+01,4.366105933112599674e-02,5.334187755299679701e-01,8.732211866225199071e-01
1.290000000000000036e+00,6.294853966149960289e-02,2.496453002829201184e-01,-2.483126566300791760e-02,9.322573506451563297e-02,-2.150417911102736959e-02,9.263821525223364661e-02,9.263821525223364661e-02,1.064772229917471807e-01,1.117609468206254775e+01,4.365661985180682714e-02,5.397340596843420713e-01,8.731323970361365427e-01
1.304999999999999938e+00,6.478524276980390795e-02,2.516485986900330873e-01,-2.486265860789684326e-02,9.217485589743681929e-02,-2.157394205927583297e-02,9.156471257773168837e-02,9.156471257773168837e-02,1.049475013506493276e-01,1.117482645840190258e+01,4.365166585313243197e-02,5.460618899180587071e-01,8.730333170626486394e-01
1.320000000000000062e+00,6.666623975608726438e-02,2.537733157111748961e-01,-2.487819247887848237e-02,9.109221078732827881e-02,-2.162811026894100042e-02,9.051484782626702252e-02,9.051484782626702252e-02,1.034118183161288479e-01,1.117344279972266996e+01,4.364626093641667953e-02,5.523955594110849798e-01,8.729252187283335074e-01
1.334999999999999964e+00,6.859378611211285059e-02,2.560270104460390383e-01,-2.487834925249007498e-02,8.997643961968972148e-02,-2.166521320155590999e-02,8.948916679847161715e-02,8.948916679847161715e-02,1.018732069800327156e-01,1.117196100205956455e+01,4.364047266429517402e-02,5.587268469333200871e-01,8.728094532859034249e-01
1.350000000000000089e+00,7.057026804267972631e-02,2.584178538514759760e-01,-2.486329928622879604e-02,8.882608002083325349e-02,-2.168361756332275181e-02,8.848842502048998027e-02,8.848842502048998027e-02,1.003349237621169593e-01,1.117039941393493230e+01,4.363437271068332929e-02,5.650456541454119685e-01,8.726874542136665580e-01
1.364999999999999991e+00,7.259819719988570841e-02,2.609546906641079245e-01,-2.483290348848064474e-02,8.763967810316081186e-02,-2.168153463822096103e-02,8.751359728257167292e-02,8.751359728257167292e-02,9.880042235583295918e-02,1.116877748426651351e+01,4.362803704791606840e-02,5.713397866454462681e-01,8.725607409583213681e-01
1.380000000000000115e+00,7.468020379042968060e-02,2.636471172411345432e-01,-2.478672165561878263e-02,8.641590602899330842e-02,-2.165703380805690872e-02,8.656585713926137626e-02,8.656585713926137626e-02,9.727332592453280524e-02,1.116711582038007222e+01,4.362154617335965712e-02,5.775949277503639179e-01,8.724309234671930868e-01
1.395000000000000018e+00,7.681902876808120728e-02,2.665055782703670273e-01,-2.472402593043080202e-02,8.515364804346801930e-02,-2.160806209058109550e-02,8.564653962478055438e-02,8.564653962478055438e-02,9.575739863080637293e-02,1.116543625701915587e+01,4.361498537898107763e-02,5.837947477977644128e-01,8.722997075796214972e-01
1.409999999999999920e+00,7.901751640906633234e-02,2.695414839774795679e-01,-2.464381941314649355e-02,8.385203928151398201e-02,-2.153246864025330429e-02,8.475710891200356756e-02,8.475710891200356756e-02,9.425651657442020437e-02,1.116376193807563766e+01,4.360844507060795960e-02,5.899210183291049292e-01,8.721689014121591921e-01
1.425000000000000044e+00,8.127860936638371669e-02,2.727673488153717352e-01,-2.454486038658286115e-02,8.251047377941277128e-02,-2.142803216910853237e-02,8.389914925508804022e-02,8.389914925508804022e-02,9.277463721737598534e-02,1.116211741423949277e+01,4.360202114937301865e-02,5.959535995767890615e-01,8.720404229874603175e-01
1.439999999999999947e+00,8.360534930726887248e-02,2.761969525214680310e-01,-2.442569223049693983e-02,8.112862075519199079e-02,-2.129248834691506789e-02,8.307438482444676198e-02,8.307438482444676198e-02,9.119761779651958111e-02,1.116052876190061127e+01,4.359581547617426278e-02,6.018702408168327134e-01,8.719163095234852001e-01
1.455000000000000071e+00,8.600088740427326572e-02,2.798455241484535394e-01,-2.428467822441080989e-02,7.970648730275076144e-02,-2.112355360085651709e-02,8.228471905433323852e-02,8.228471905433323852e-02,8.948106400077665556e-02,1.115902373130362335e+01,4.358993645040477871e-02,6.076462382642956461e-01,8.717987290080955187e-01
1.469999999999999973e+00,8.846851018625306873e-02,2.837299483656733345e-01,-2.412003959869417694e-02,7.824454089000551504e-02,-2.091894146733015020e-02,8.153227426104582565e-02,8.153227426104582565e-02,8.778085233119570230e-02,1.115763193495518202e+01,4.358449974591867976e-02,6.132540819346284922e-01,8.716899949183735119e-01
1.485000000000000098e+00,9.101168741550866303e-02,2.878689905201269328e-01,-2.392989476776413715e-02,7.674387073820770899e-02,-2.067636786583599076e-02,8.081941131562178637e-02,8.081941131562178637e-02,8.605546228346330762e-02,1.115638509036711135e+01,4.357962925924652869e-02,6.186632541127576879e-01,8.715925851849305461e-01
1.500000000000000000e+00,9.363414950234888456e-02,2.922835327605624034e-01,-2.371229773797516038e-02,7.520634371997145240e-02,-2.039354221164239173e-02,8.014871583325612614e-02,8.014871583325612614e-02,8.430865095040469825e-02,1.115531733412550253e+01,4.357545833642774424e-02,6.238403133497678610e-01,8.715091667285548294e-01
1.515000000000000124e+00,9.634000216890652168e-02,2.969968084844520906e-01,-2.346527407824514425e-02,7.363471171584014263e-02,-2.006814198074776193e-02,7.952294713186600084e-02,7.952294713186600084e-02,8.210154604525544964e-02,1.115446562692520160e+01,4.357213135517656877e-02,6.287493334105103138e-01,8.714426271035313754e-01
1.530000000000000027e+00,9.913388523115063133e-02,3.020346168467779036e-01,-2.318685339592526512e-02,7.203265175680050036e-02,-1.969776893225953784e-02,7.894495471184519164e-02,7.894495471184519164e-02,7.976854917566920944e-02,1.115387027182815061e+01,4.356980574932871331e-02,6.333526972370004948e-01,8.713961149865742106e-01
1.544999999999999929e+00,1.020211800199758850e-01,3.074254926165058688e-01,-2.287509789525084963e-02,7.040475151207035986e-02,-1.927988542897481061e-02,7.739160691247386203e-02,7.841757292014385483e-02,7.739160691247386203e-02,1.115357557130598209e+01,4.356865457541399256e-02,6.460648899117389377e-01,8.713730915082797956e-01
1.560000000000000053e+00,1.050082656183838059e-01,3.132007973508549870e-01,-2.252812733948371740e-02,6.875647059504109981e-02,-1.881172907734247196e-02,7.496060271693090471e-02,7.794351031872964741e-02,7.496060271693090471e-02,1.115363065380322460e+01,4.356886974141884611e-02,6.670170487931095238e-01,8.713773948283768389e-01
1.574999999999999956e+00,1.081028172625490835e-01,3.193946820997765612e-01,-2.214414165717585453e-02,6.709410214454945842e-02,-1.829020345591032826e-02,7.212054850085942992e-02,7.752526062675856033e-02,7.212054850085942992e-02,1.115409050917463674e+01,4.357066605146342475e-02,6.932836901455924350e-01,8.714133210292684950e-01
1.590000000000000080e+00,1.113141302641985353e-01,3.260438454229919181e-01,-2.172144356841434337e-02,6.542473519048547237e-02,-1.771174270516111260e-02,6.923160597638193525e-02,7.676608222206143806e-02,6.923160597638193525e-02,1.115501728607294396e+01,4.357428627372243735e-02,7.222134933148494085e-01,8.714857254744486914e-01
1.604999999999999982e+00,1.146534381998804419e-01,3.331869716656614133e-01,-2.125846493257985137e-02,6.375619464828981287e-02,-1.707214942210547731e-02,6.629716054259372771e-02,7.466076211845057431e-02,6.629716054259372771e-02,1.115648192435389419e+01,4.358000751700739916e-02,7.541801125536388151e-01,8.716001503401479278e-01
1.620000000000000107e+00,1.181341716715011286e-01,3.408636896157419272e-01,-2.075380191225305662e-02,6.209693012408556978e-02,-1.636641031474081812e-02,6.332034090722392372e-02,7.267935714910761513e-02,6.332034090722392372e-02,1.115856622195484249e+01,4.358814930451110348e-02,7.896356728915799872e-01,8.717629860902220695e-01
1.635000000000000009e+00,1.217720677103113075e-01,3.491128634883539084e-01,-2.020626524746138575e-02,6.045584246938674744e-02,-1.558850449233639343e-02,6.030422476211971805e-02,7.081469585095058472e-02,6.030422476211971805e-02,1.116136546764266768e+01,4.359908385797917063e-02,8.291293055707708026e-01,8.719816771595834126e-01
1.650000000000000133e+00,1.255849803371885676e-01,3.579700699456699331e-01,-1.961495247158607722e-02,5.884206911794487294e-02,-1.473123762129347099e-02,5.725229919443625137e-02,6.906439007959234988e-02,5.725229919443625137e-02,1.116499180788765422e+01,4.361324924956114929e-02,8.733273720622730663e-01,8.722649849912229580e-01
1.665000000000000036e+00,1.295921456256965976e-01,3.674643515397231219e-01,-1.897934794328032249e-02,5.726478082079496101e-02,-1.378616442889391350e-02,5.416930824073313416e-02,6.743595492444223738e-02,5.416930824073313416e-02,1.116957856025176454e+01,4.363116625098345525e-02,9.230319090987029185e-01,8.726233250196691049e-01
1.679999999999999938e+00,1.338124981111456779e-01,3.776150845409871337e-01,-1.829945250439076604e-02,5.573306512174164284e-02,-1.274370429444054639e-02,5.106271620887122692e-02,6.595622158478466057e-02,5.106271620887122692e-02,1.117528574104126804e+01,4.365345992594245328e-02,9.791880203841056840e-01,8.730691985188490101e-01
1.695000000000000062e+00,1.382613864018906180e-01,3.884318509677441300e-01,-1.757593402128680704e-02,5.425598945556230068e-02,-1.159360649915586530e-02,4.794515427267959790e-02,6.468816981144544231e-02,4.794515427267959790e-02,1.118230717137550734e+01,4.368088738818557554e-02,1.042858256657885230e+00,8.736177477637114830e-01
1.709999999999999964e+00,1.429446661829780474e-01,3.999253748140921827e-01,-1.681026786980883980e-02,5.284296211753523875e-02,-1.032596078537602151e-02,4.483836414103155310e-02,6.376035403926032241e-02,4.483836414103155310e-02,1.119087974259235452e+01,4.371437399450138483e-02,1.115116506987930967e+00,8.742874798900276412e-01
1.725000000000000089e+00,1.478487027331178705e-01,4.121494239657437775e-01,-1.600479026292575893e-02,5.150454407020253755e-02,-8.932901643507346404e-03,4.177918987414483420e-02,6.341738476200325936e-02,4.177918987414483420e-02,1.120129591482428566e+01,4.375506216728236586e-02,1.196768059663661399e+00,8.751012433456473172e-01
1.739999999999999991e+00,1.529245318075331816e-01,4.253171015298741753e-01,-1.516250608923915694e-02,5.025389616457202890e-02,-7.410872675671940045e-03,3.882777756179996154e-02,6.118502910288536184e-02,3.882777756179996154e-02,1.121392208330555107e+01,4.380438313791230887e-02,1.287737880964674009e+00,8.760876627582461218e-01
1.755000000000000115e+00,1.580649580592207171e-01,4.400713044387057349e-01,-1.428633507235828673e-02,4.910894907586824815e-02,-5.762663017605678534e-03,3.607659958586221377e-02,5.844811769018076059e-02,3.607659958586221377e-02,1.122922825658801038e+01,4.386417287729691555e-02,1.385939932642491268e+00,8.772834575459382833e-01
1.770000000000000018e+00,1.630752790173072564e-01,4.580238090171791510e-01,-1.337714191931001564e-02,4.809475851629464727e-02,-3.997559537878118269e-03,3.365532157809712072e-02,5.662636231844483253e-02,3.365532157809712072e-02,1.124783653574005449e+01,4.393686146773458784e-02,1.485649153105700782e+00,8.787372293546916735e-01
1.785000000000000142e+00,1.676419337519511332e-01,4.827066558711733402e-01,-1.242948122872219487e-02,4.724396109567734203e-02,-2.126966402233955878e-03,3.157157025546780682e-02,5.608119652476440536e-02,3.157157025546780682e-02,1.127059677824091111e+01,4.402576866500355901e-02,1.583703300007405224e+00,8.805153733000711247e-01
1.800000000000000044e+00,1.713211024098517388e-01,5.211026709172125182e-01,-1.142554559620638163e-02,4.659445261752362399e-02,-1.581848609491419368e-04,2.847465613653555119e-02,5.448199318186019990e-02,2.847465613653555119e-02,1.129876395515309362e+01,4.413579669981677195e-02,1.755947455879739216e+00,8.827159339963354112e-01
1.814999999999999947e+00,1.736133543950150182e-01,5.841391539972992097e-01,-1.033148741851099006e-02,4.618862333262087339e-02,1.868958009272739468e-03,2.586264694326156910e-02,5.371599031376723260e-02,2.586264694326156910e-02,1.133436167766444136e+01,4.427485030337672406e-02,1.933290127251547474e+00,8.854970060675344534e-01
1.830000000000000071e+00,1.740622336273122683e-01,6.800786690616882346e-01,-9.099498973773607891e-03,4.606421441323751281e-02,3.789303861354673293e-03,2.275148271606169254e-02,5.186992643739819775e-02,2.275148271606169254e-02,1.138014566703525610e+01,4.445369401185646913e-02,2.197658966846230300e+00,8.890738802371292993e-01
1.844999999999999973e+00,1.726614837572166272e-01,8.252722049715957020e-01,-7.657395939765159788e-03,4.622002706839596631e-02,5.024790170873000110e-03,2.042277834833169936e-02,5.268906820816306180e-02,2.042277834833169936e-02,1.144017575094464867e+01,4.468818652712753386e-02,2.448246714878752783e+00,8.937637305425506495e-01
1.860000000000000098e+00,1.697455218681681033e-01,9.873808410109028433e-01,-5.932614508529701104e-03,4.658231501483670045e-02,4.346858066771950267e-03,1.563740149848097047e-02,5.148121925195323773e-02,1.563740149848097047e-02,1.151775815655931545e+01,4.499124279905982599e-02,3.197462187362589692e+00,8.998248559811964364e-01
1.875000000000000000e+00,1.660122552251181161e-01,1.189632167687342035e+00,-3.964316655851653215e-03,4.712256205025275313e-02,-1.205340529190964815e-04,1.614851667701942134e-02,4.857246851775913477e-02,1.614851667701942134e-02,1.161717549784310677e+01,4.537959178844963581e-02,3.096259613191212789e+00,9.075918357689927163e-01
1.890000000000000124e+00,1.616093942560977714e-01,1.364631101152960380e+00,-1.829046017486116258e-03,4.772088944050311560e-02,-9.434751381458333572e-03,1.417150099268377032e-02,4.713386772617308984e-02,1.417150099268377032e-02,1.174109232696290839e+01,4.586364190219886089e-02,3.528207776001510254e+00,9.172728380439771900e-01
1.905000000000000027e+00,1.571611375325211446e-01,1.499059331810467022e+00,2.868464499151656137e-04,4.812228187112803368e-02,-1.691043319392148553e-02,9.172462606381446074e-03,4.406649625932050618e-02,9.172462606381446074e-03,1.189404747533910367e+01,4.646112295054337371e-02,5.451098810172756437e+00,9.292224590108674187e-01
1.919999999999999929e+00,1.530945190496403041e-01,1.575442470683610319e+00,2.177710512816703834e-03,4.781751496001259566e-02,-4.513012156436149031e-03,7.300114004943664310e-03,3.974492334654414205e-02,7.300114004943664310e-03,1.207817469241812525e+01,4.718036989225830174e-02,6.849208103618630972e+00,9.436073978451660071e-01
1.935000000000000053e+00,1.504083180683300214e-01,1.617368065623614681e+00,3.744024067119100085e-03,4.627380006950201213e-02,1.564423880462124938e-02,9.588692458614078359e-03,3.676340875438172812e-02,9.588692458614078359e-03,1.229629329179508090e+01,4.803239567107453478e-02,5.214475301591522616e+00,9.606479134214906956e-01
1.949999999999999956e+00,1.508088650234210293e-01,1.588742946699826186e+00,5.029082609852815640e-03,4.294873771502859955e-02,4.292549607092435715e-02,1.093154959713272222e-02,3.875373883337859121e-02,1.093154959713272222e-02,1.255180747456441637e+01,4.903049794751725143e-02,4.573916950723499575e+00,9.806099589503449732e-01
1.965000000000000080e+00,1.563208045974317506e-01,1.502454109959479034e+00,6.217044439686241972e-03,3.838550103561315374e-02,2.345689805150736607e-01,8.333643189033406937e-03,3.875094856014418832e-02,8.333643189033406937e-03,1.284715993799309253e+01,5.018421850778551768e-02,5.999776912190950995e+00,1.003684370155710326e+00
1.979999999999999982e+00,1.668229061729213092e-01,1.474066579271320121e+00,7.674127012441267839e-03,3.468063127680219571e-02,4.679849561388640389e-01,4.743794796952833549e-03,4.130423996115424601e-02,4.743794796952833549e-03,1.318229652874423152e+01,5.149334581540715439e-02,1.054008491938087033e+01,1.029866916308143088e+00
1.995000000000000107e+00,1.837468777766902983e-01,1.630003295925043894e+00,1.006736158393086410e-02,3.341669566488784937e-02,2.951207291097120988e-01,4.498617865012476472e-03,4.006931113226356450e-02,4.498617865012476472e-03,1.356211572453263159e+01,5.297701454895559214e-02,1.111452483858869300e+01,1.059540290979111843e+00
