t,sigma,b,core_radius_sqrt_b,peak_vorticity,numerical_Gamma,relative_Gamma_error
0.000000000000000000e+00,1.359600799238518398e+00,8.000000000000000444e-01,8.944271909999158554e-01,1.193662073189215134e+00,2.999999819999993544e+00,-6.000000215185725982e-08
4.999999999999980849e-02,1.473389121932804358e+00,7.491476207935222620e-01,8.655331425159421554e-01,1.274688235063576203e+00,2.999999819999993989e+00,-6.000000200382753202e-08
1.000000000000008105e-01,1.581828764923693509e+00,6.978878886045223329e-01,8.353968449811876029e-01,1.368313842586985629e+00,2.999999819999993989e+00,-6.000000200382753202e-08
1.500000000000022427e-01,1.682277195192215302e+00,6.470148136591068466e-01,8.043723103508143568e-01,1.475900765163155270e+00,2.999999819999993989e+00,-6.000000200382753202e-08
2.000000000000036748e-01,1.772399016476344569e+00,5.972817417237329396e-01,7.728400492493469054e-01,1.598792649839722912e+00,2.999999819999993544e+00,-6.000000215185725982e-08
2.500000000000051070e-01,1.850250259885395154e+00,5.493584941046850689e-01,7.411872193344168913e-01,1.738263208449457142e+00,2.999999819999993544e+00,-6.000000215185725982e-08
2.999999999999996003e-01,1.914346578575042646e+00,5.038006359772315701e-01,7.097891489570909984e-01,1.895451474965046623e+00,2.999999819999993989e+00,-6.000000200382753202e-08
3.499999999999940936e-01,1.963712586044598529e+00,4.610321208915273972e-01,6.789934615970373288e-01,2.071286609498625086e+00,2.999999819999993544e+00,-6.000000215185725982e-08
3.999999999999885869e-01,1.997910364457733179e+00,4.213407085192614754e-01,6.491076247582225900e-01,2.266407302316761019e+00,2.999999819999993989e+00,-6.000000200382753202e-08
4.499999999999830802e-01,2.017046038209634240e+00,3.848841366118705420e-01,6.203903098952066042e-01,2.481083442299295339e+00,2.999999819999993989e+00,-6.000000200382753202e-08
4.999999999999775735e-01,2.021754222407567525e+00,3.517042035770265862e-01,5.930465441911171309e-01,2.715149972161857495e+00,2.999999819999993544e+00,-6.000000215185725982e-08
5.499999999999720668e-01,2.013161077733357285e+00,3.217456868634800959e-01,5.672263100945513781e-01,2.967964132978597291e+00,2.999999819999993544e+00,-6.000000215185725982e-08
5.999999999999665601e-01,1.992827593746206771e+00,2.948772704168406422e-01,5.430260310674255297e-01,3.238396968343733473e+00,2.999999819999993100e+00,-6.000000229988700085e-08
6.499999999999610534e-01,1.962675544804992400e+00,2.709122094689689897e-01,5.204922760896351086e-01,3.524867559211104062e+00,2.999999819999993544e+00,-6.000000215185725982e-08
6.999999999999555467e-01,1.924899282054247651e+00,2.496271464998634226e-01,4.996270073763661168e-01,3.825423925005265513e+00,2.999999819731137940e+00,-6.008962068667263200e-08
7.499999999999500400e-01,1.881867111252164770e+00,2.307781654280545436e-01,4.803937608129965620e-01,4.137868315142113396e+00,2.999999805007541820e+00,-6.499748606003663554e-08
7.999999999999445333e-01,1.836016435116786916e+00,2.141137390573161770e-01,4.627242581249833009e-01,4.459917718291522171e+00,2.999999789831319763e+00,-7.005622674564430919e-08
8.499999999999390266e-01,1.789747092418952024e+00,1.993846440904614992e-01,4.465250766647507197e-01,4.789384172023384068e+00,2.999999774305577738e+00,-7.523147408742640575e-08
8.999999999999335198e-01,1.745317393693908148e+00,1.863511837062566678e-01,4.316841249180431439e-01,5.124355206976400012e+00,2.999999758520438320e+00,-8.049318722669340787e-08
9.499999999999280131e-01,1.704747232401932600e+00,1.747881890629798818e-01,4.180767741252554570e-01,5.463353466104569733e+00,2.999999742545519599e+00,-8.581816013375487273e-08
9.999999999999225064e-01,1.669732345769317394e+00,1.644882986579233042e-01,4.055715703275111217e-01,5.805456475279639150e+00,2.999999726424293023e+00,-9.119190232572312060e-08
1.049999999999917000e+00,1.641573324200613193e+00,1.552639707663412416e-01,3.940354942975838326e-01,6.150362211130476098e+00,2.999999710170992095e+00,-9.660966930150986765e-08
1.099999999999911493e+00,1.621122342038127329e+00,1.469485985790369986e-01,3.833387517314640336e-01,6.498392416024019624e+00,2.999999693770452946e+00,-1.020765156845016008e-07
1.149999999999905986e+00,1.608749831837004374e+00,1.393969943749670815e-01,3.733590689603870638e-01,6.850432197861350048e+00,2.999999677180966717e+00,-1.076063444275613815e-07
1.199999999999900480e+00,1.604332480718917875e+00,1.324854070364200331e-01,3.639854489350090039e-01,7.207810127260758648e+00,2.999999660339926599e+00,-1.132200244668979394e-07
1.249999999999894973e+00,1.607263026153725516e+00,1.261111505973742664e-01,3.551213181398354957e-01,7.572127080182665892e+00,2.999999643171892494e+00,-1.189427025020487886e-07
1.299999999999889466e+00,1.616481407497289080e+00,1.201918600426302719e-01,3.466869770306209020e-01,7.945044350030631364e+00,2.999999625598577691e+00,-1.248004741031631119e-07
1.349999999999883959e+00,1.630525927414091525e+00,1.146643594438046254e-01,3.386212625394404152e-01,8.328042498849605124e+00,2.999999607550212222e+00,-1.308165959261013149e-07
1.399999999999878453e+00,1.647602231774413450e+00,1.094831270095598802e-01,3.308823461739230920e-01,8.722162808411464852e+00,2.999999588977726894e+00,-1.370074243685811262e-07
1.449999999999872946e+00,1.665667163201794754e+00,1.046183669445736597e-01,3.234476262775376476e-01,9.127743879402069993e+00,2.999999569865166027e+00,-1.433782779910094114e-07
1.499999999999867439e+00,1.682523913760846535e+00,1.000537398702922992e-01,3.163127247998289149e-01,9.544167562245290171e+00,2.999999550241659207e+00,-1.499194469308425533e-07
1.549999999999861933e+00,1.695924422737367765e+00,9.578384981860685321e-02,3.094896602773780092e-01,9.969631209852130027e+00,2.999999530192153596e+00,-1.566026154679415476e-07
1.599999999999856426e+00,1.703674656200106163e+00,9.181162398251933865e-02,3.030043299732189110e-01,1.040096686159464845e+01,2.999999509865936442e+00,-1.633780211858966987e-07
1.649999999999850919e+00,1.703738279039989090e+00,8.814574146723305748e-02,2.968934850535340786e-01,1.083353140669142434e+01,2.999999489481807391e+00,-1.701727308696850678e-07
1.699999999999845413e+00,1.694334292772894379e+00,8.479826391138003960e-02,2.912014146795651182e-01,1.126119350213748049e+01,2.999999469328701984e+00,-1.768904326719204227e-07
1.749999999999839906e+00,1.674024460979095741e+00,8.178259441786069062e-02,2.859765627072622385e-01,1.167644124460329813e+01,2.999999449760609060e+00,-1.834131303131888153e-07
1.799999999999834399e+00,1.641786768455673284e+00,7.911184724855975514e-02,2.812682834031589585e-01,1.207062774746113298e+01,2.999999431185003562e+00,-1.896049988125980690e-07
1.849999999999828892e+00,1.597071742237835101e+00,7.679765795079450397e-02,2.771239036077445816e-01,1.243435912021185352e+01,2.999999414044562052e+00,-1.953184793161237003e-07
1.899999999999823386e+00,1.539839178244974072e+00,7.484941151410044735e-02,2.735862049045975630e-01,1.275801157596914948e+01,2.999999398792796423e+00,-2.004024011921975153e-07
1.949999999999817879e+00,1.470573636474835411e+00,7.327382280276414916e-02,2.706913792546119524e-01,1.303234391252954616e+01,2.999999385865185886e+00,-2.047116047047362890e-07
1.999999999999812372e+00,1.390277956109364332e+00,7.207477390413585816e-02,2.684674540873359661e-01,1.324915232923922481e+01,2.999999375648327860e+00,-2.081172240468257832e-07
2.049999999999807088e+00,1.300444962407511840e+00,7.125329887797170192e-02,2.669331355938631134e-01,1.340190101495206854e+01,2.999999368450213755e+00,-2.105165954150815259e-07
2.099999999999801581e+00,1.203008451294101944e+00,7.080760664187181475e-02,2.660969872844707873e-01,1.348625809909352213e+01,2.999999364474978059e+00,-2.118416739804729332e-07
2.149999999999796074e+00,1.100275406826406677e+00,7.073304471045087360e-02,2.659568474592276521e-01,1.350047438874464767e+01,2.999999363805051722e+00,-2.120649827593486798e-07
2.199999999999790568e+00,9.948421948174304141e-01,7.102192712716155765e-02,2.664993942341362110e-01,1.344556107076077467e+01,2.999999366392781308e+00,-2.112024062306261385e-07
2.249999999999785061e+00,8.894981497973580842e-01,7.166317658740611884e-02,2.676997881721353001e-01,1.332524881012863993e+01,2.999999372062363889e+00,-2.093125453702290024e-07
2.299999999999779554e+00,7.871205039599393771e-01,7.264176176990481959e-02,2.695213567973878122e-01,1.314573924536884597e+01,2.999999380521555903e+00,-2.064928146990515352e-07
2.349999999999774047e+00,6.905649734865344502e-01,7.393794541016431021e-02,2.719153276484507220e-01,1.291528528760141903e+01,2.999999391381444447e+00,-2.028728518510547474e-07
2.399999999999768541e+00,6.025565042785148151e-01,7.552639607952957301e-02,2.748206616678039449e-01,1.264365451180574773e+01,2.999999404181747042e+00,-1.986060843191713439e-07
2.449999999999763034e+00,5.255846778081081361e-01,7.737525583511793703e-02,2.781640807780866864e-01,1.234153797935441155e+01,2.999999418418656472e+00,-1.938604478427900239e-07
2.499999999999757527e+00,4.618080885353103016e-01,7.944529429111760188e-02,2.818604163253818906e-01,1.201996502212136875e+01,2.999999433572428487e+00,-1.888091905044575469e-07
2.549999999999752021e+00,4.129716350174572059e-01,8.168931251143404793e-02,2.858134225529550543e-01,1.168977469871240160e+01,2.999999449132285001e+00,-1.836225716663383019e-07
2.599999999999746514e+00,3.803401328788328373e-01,8.405198043981033929e-02,2.899171958332418808e-01,1.136117975513019296e+01,2.999999464616959877e+00,-1.784610133744498335e-07
2.649999999999741007e+00,3.646509815219790007e-01,8.647029079262850970e-02,2.940583118917547423e-01,1.104344220191726933e+01,2.999999479589992024e+00,-1.734700026586229733e-07
2.699999999999735500e+00,3.660878261194375205e-01,8.887478204319035346e-02,2.981187381618108923e-01,1.074466385849819794e+01,2.999999493669592621e+00,-1.687768024597839094e-07
2.749999999999729994e+00,3.842762850676881281e-01,9.119161781186325977e-02,3.019794989926687934e-01,1.047168239214134999e+01,2.999999506533544302e+00,-1.644888185658999191e-07
2.799999999999724487e+00,4.183018971478115744e-01,9.334551015820694020e-02,3.055249746881700257e-01,1.023005452466761867e+01,2.999999517919991643e+00,-1.606933361190480418e-07
2.849999999999718980e+00,4.667495204189423541e-01,9.526334906150721316e-02,3.086476130824717945e-01,1.002410337195700940e+01,2.999999527625212714e+00,-1.574582624286335886e-07
2.899999999999713474e+00,5.277625249316321154e-01,9.687826822320290410e-02,3.112527401055337206e-01,9.857005869998209491e+00,2.999999535499497938e+00,-1.548335006873458042e-07
2.949999999999707967e+00,5.991193008969454281e-01,9.813376385340705221e-02,3.132630904741365296e-01,9.730898123686085199e+00,2.999999541442186946e+00,-1.528526043514943922e-07
2.999999999999702460e+00,6.783238872811238052e-01,9.898741580500614035e-02,3.146226562169452956e-01,9.646980384178064583e+00,2.999999545396717870e+00,-1.515344273765132648e-07
3.049999999999696954e+00,7.627069428664066120e-01,9.941376119161574043e-02,3.152994785780904863e-01,9.605608389675412084e+00,2.999999547346327677e+00,-1.508845574408705097e-07
3.099999999999691447e+00,8.495328569772978566e-01,9.940594840127561782e-02,3.152870888591469134e-01,9.606363340517336979e+00,2.999999547310751247e+00,-1.508964162511006180e-07
3.149999999999685940e+00,9.361085480499214961e-01,9.897594563368428133e-02,3.146044272315383084e-01,9.648098358015413822e+00,2.999999545344035123e+00,-1.515519882921978478e-07
3.199999999999680433e+00,1.019889435390264998e+00,9.815326716123069783e-02,3.132942182058754410e-01,9.728964569083212055e+00,2.999999541533304281e+00,-1.528222319061948446e-07
3.249999999999674927e+00,1.098578195399539270e+00,9.698237574450670195e-02,3.114199347256156325e-01,9.846424685110493513e+00,2.999999535998124855e+00,-1.546672917148347033e-07
3.299999999999669420e+00,1.170212222913391553e+00,9.551908285193121129e-02,3.090616165943794735e-01,9.997265782290384095e+00,2.999999528889904177e+00,-1.570366986077450229e-07
3.349999999999663913e+00,1.233236198098461411e+00,9.382637003184209068e-02,3.063109042000334847e-01,1.017762552497016770e+01,2.999999520390650432e+00,-1.598697831894924093e-07
3.399999999999658407e+00,1.286556789432906633e+00,9.197008128572191354e-02,3.032656942117289978e-01,1.038304680393516399e+01,2.999999510710398720e+00,-1.630965337599358527e-07
3.449999999999652900e+00,1.329577277234593291e+00,9.001489175558680111e-02,3.000248185660426281e-01,1.060857420285798547e+01,2.999999500082668469e+00,-1.666391105104025883e-07
3.499999999999647393e+00,1.362210728376216373e+00,8.802086119098323502e-02,2.966830989304635735e-01,1.084890156299895381e+01,2.999999488757505883e+00,-1.704141647055716084e-07
3.549999999999641886e+00,1.384871255766252141e+00,8.604075798265735375e-02,2.933270495243446851e-01,1.109857329178632668e+01,2.999999476992000869e+00,-1.743359997104695076e-07
3.599999999999636380e+00,1.398443818031137598e+00,8.411821763955318332e-02,2.900314080225677715e-01,1.135223362248649437e+01,2.999999465038536872e+00,-1.783204877092714469e-07
3.649999999999630873e+00,1.404233916972249752e+00,8.228669911322668284e-02,2.868565828305613130e-01,1.160490904170778137e+01,2.999999453131484639e+00,-1.822895051202995938e-07
3.699999999999625366e+00,1.403899394986590776e+00,8.056913496475016923e-02,2.838470274016449135e-01,1.185230124375995331e+01,2.999999441473399919e+00,-1.861755333602369837e-07
3.749999999999619860e+00,1.399367286341601346e+00,7.897813947715306981e-02,2.810304956355325068e-01,1.209106298113816358e+01,2.999999430222015651e+00,-1.899259947831429536e-07
3.799999999999614353e+00,1.392739303487529501e+00,7.751663770962496924e-02,2.784180987465164070e-01,1.231902836302717752e+01,2.999999419479397744e+00,-1.935068674185913551e-07
3.849999999999608846e+00,1.386190016195398833e+00,7.617879914656744411e-02,2.760050708711118128e-01,1.253537295480458447e+01,2.999999409284396013e+00,-1.969052013291635313e-07
3.899999999999603340e+00,1.381862087260939287e+00,7.495119148211645821e-02,2.737721524956774344e-01,1.274068683456780882e+01,2.999999399609205586e+00,-2.001302648046987542e-07
3.949999999999597833e+00,1.381763051002456555e+00,7.381410324086380703e-02,2.716875102776419859e-01,1.293695400505412962e+01,2.999999390360331031e+00,-2.032132229897361804e-07
3.999999999999592326e+00,1.387668054679729535e+00,7.274301026485618937e-02,2.697091215825971888e-01,1.312744214288751188e+01,2.999999381383786190e+00,-2.062054046033286732e-07
4.049999999999697842e+00,1.401032731050566138e+00,7.171017500973525527e-02,2.677875557409926666e-01,1.331651552128735361e+01,2.999999372473911130e+00,-2.091753629566520949e-07
4.099999999999803357e+00,1.422919943126644604e+00,7.068636634857720924e-02,2.658690774583934435e-01,1.350938954539418191e+01,2.999999363384934448e+00,-2.122050218507827986e-07
4.149999999999908873e+00,1.453943557700921207e+00,6.964267147659548851e-02,2.638989796808534072e-01,1.371184703723336007e+01,2.999999353844347016e+00,-2.153852176611792402e-07
4.200000000000014388e+00,1.494231686896542399e+00,6.855234394728881853e-02,2.618250254412072264e-01,1.392993446417580294e+01,2.999999343567217203e+00,-2.188109275991223512e-07
4.250000000000119904e+00,1.543411016903702082e+00,6.739259915159184766e-02,2.596008458221811255e-01,1.416965172100527504e+01,2.999999332270804953e+00,-2.225763983491428071e-07
4.300000000000225420e+00,1.600612954603396920e+00,6.614623913130542043e-02,2.571891116110971987e-01,1.443664327847517548e+01,2.999999319689120370e+00,-2.267702932101656188e-07
4.350000000000330935e+00,1.664501403172077953e+00,6.480297166090022432e-02,2.545642780535011251e-01,1.473589303200955136e+01,2.999999305587303766e+00,-2.314708987446086603e-07
4.400000000000436451e+00,1.733321065572570152e+00,6.336029183779681717e-02,2.517147032610467239e-01,1.507142140373981398e+01,2.999999289775897360e+00,-2.367413675467370531e-07
4.450000000000541966e+00,1.804964308311361787e+00,6.182382214479885396e-02,2.486439666366325740e-01,1.544598223504867640e+01,2.999999272125128957e+00,-2.426249570142147149e-07
4.500000000000647482e+00,1.877053833318293341e+00,6.020705781539511386e-02,2.453712652602074995e-01,1.586075940597106992e+01,2.999999252579209852e+00,-2.491402633827040644e-07
4.550000000000752998e+00,1.947037736188548029e+00,5.853053111646540352e-02,2.419308395316012716e-01,1.631506908165980718e+01,2.999999231170363601e+00,-2.562765454664865375e-07
4.600000000000858513e+00,2.012293002415729948e+00,5.682047888509667022e-02,2.383704656309096337e-01,1.680608254785122213e+01,2.999999208031892461e+00,-2.639893691795218147e-07
4.650000000000964029e+00,2.070233131749223077e+00,5.510715839244566261e-02,2.347491392794564813e-01,1.732859552929294367e+01,2.999999183409040704e+00,-2.721969864320309953e-07
4.700000000001069544e+00,2.118415399626288664e+00,5.342299512455972454e-02,2.311341496286511976e-01,1.787488058887155162e+01,2.999999157665955707e+00,-2.807780147643749716e-07
4.750000000001175060e+00,2.154643271407109317e+00,5.180075510983914860e-02,2.275977924098543381e-01,1.843466676357369494e+01,2.999999131286643195e+00,-2.895711189350909662e-07
4.800000000001280576e+00,2.177059679656097479e+00,5.027191351425173982e-02,2.242139904516480819e-01,1.899529164094094114e+01,2.999999104867809407e+00,-2.983773968641874616e-07
4.850000000001386091e+00,2.184227248880644012e+00,4.886534644228992391e-02,2.210550755859044259e-01,1.954206258783299432e+01,2.999999079101826283e+00,-3.069660579058108851e-07
4.900000000001491607e+00,2.175192090350785534e+00,4.760641474315829846e-02,2.181889427609893795e-01,2.005884424826611578e+01,2.999999054749055372e+00,-3.150836482094613858e-07
4.950000000001597122e+00,2.149528469401355224e+00,4.651644898630811348e-02,2.156767233298672592e-01,2.052885977673082607e+01,2.999999032600086935e+00,-3.224666376884973160e-07
5.000000000001702638e+00,2.107362440554193306e+00,4.561259383014747842e-02,2.135710510114783300e-01,2.093565786035642518e+01,2.999999013430171502e+00,-3.288566094994394007e-07
5.050000000001808154e+00,2.049373418743528852e+00,4.490793428255792502e-02,2.119149222743833272e-01,2.126416353384268731e+01,2.999998997949700374e+00,-3.340167665418410378e-07
5.100000000001913669e+00,1.976773571382246519e+00,4.441180807825907684e-02,2.107410925241185173e-01,2.150170641259793669e+01,2.999998986755750607e+00,-3.377480831308806173e-07
5.150000000002019185e+00,1.891265837645405679e+00,4.413020616218725489e-02,2.100719071227451218e-01,2.163891224622464193e+01,2.999998980290075945e+00,-3.399033080183263009e-07
5.200000000002124700e+00,1.794982269625639004e+00,4.406617337745626084e-02,2.099194449722470712e-01,2.167035586166651129e+01,2.999998978808329664e+00,-3.403972234454026294e-07
5.250000000002230216e+00,1.690405207782339936e+00,4.422013945939356344e-02,2.102858517813158967e-01,2.159490382042472234e+01,2.999998982363925482e+00,-3.392120248394784867e-07
5.300000000002335732e+00,1.580274516162144316e+00,4.459013233153251432e-02,2.111637571448578832e-01,2.141571707954050297e+01,2.999998990807904775e+00,-3.363973650749585431e-07
5.350000000002441247e+00,1.467484681392460022e+00,4.517184860690923176e-02,2.125366994354368766e-01,2.113992869455671197e+01,2.999999003804131537e+00,-3.320652894878151073e-07
5.400000000002546763e+00,1.354975999253587027e+00,4.595857849422054636e-02,2.143795197639470074e-01,2.077805036270775574e+01,2.999999020857252674e+00,-3.263809157753409509e-07
5.450000000002652278e+00,1.245624316171165091e+00,4.694100333833953892e-02,2.166587255070507034e-01,2.034318805817735054e+01,2.999999041349663997e+00,-3.195501120008732996e-07
5.500000000002757794e+00,1.142133850070209178e+00,4.810690358345029449e-02,2.193328602454504284e-01,1.985015844752657088e+01,2.999999064583146247e+00,-3.118056179178078638e-07
5.550000000002863310e+00,1.046937483327928797e+00,4.944083270246987794e-02,2.223529462419373548e-01,1.931459496845544521e+01,2.999999089820989617e+00,-3.033930034609018675e-07
5.600000000002968825e+00,9.621086055905976320e-01,5.092382764532539519e-02,2.256630843654437724e-01,1.875211865852410753e+01,2.999999116327070947e+00,-2.945576430176307112e-07
5.650000000003074341e+00,8.892880991847722516e-01,5.253323680503156623e-02,2.292013019269994734e-01,1.817762842399062251e+01,2.999999143399294521e+00,-2.855335684929609088e-07
5.700000000003179856e+00,8.296294250776427015e-01,5.424274976105086105e-02,2.329007294128785377e-01,1.760474280448558204e+01,2.999999170395903025e+00,-2.765346989915447593e-07
5.750000000003285372e+00,7.837640094125315482e-01,5.602270616298631739e-02,2.366911619874859651e-01,1.704540397911526028e+01,2.999999196754131958e+00,-2.677486226806043432e-07
5.800000000003390888e+00,7.517882813038787582e-01,5.784074158745807631e-02,2.405010220091758355e-01,1.650963719245319439e+01,2.999999222001555221e+00,-2.593328149262201224e-07
5.850000000003496403e+00,7.332728073840204530e-01,5.966279514339856843e-02,2.442596879212748096e-01,1.600544621243798815e+01,2.999999245761002964e+00,-2.514129990120276817e-07
5.900000000003601919e+00,7.272930454487103180e-01,6.145445875588748108e-02,2.479000983377930845e-01,1.553881814083811364e+01,2.999999267750339094e+00,-2.440832203021159330e-07
5.950000000003707434e+00,7.324803370928121282e-01,6.318259641211530775e-02,2.513614855384875835e-01,1.511380843425205711e+01,2.999999287778456036e+00,-2.374071813212215994e-07
6.000000000003812950e+00,7.470909152342027904e-01,6.481711121402142228e-02,2.545920486072206779e-01,1.473267846507789081e+01,2.999999305738787037e+00,-2.314204043211513244e-07
6.050000000003918466e+00,7.690899522114155173e-01,6.633269860299559340e-02,2.575513513903501250e-01,1.439606225380143556e+01,2.999999321601456881e+00,-2.261328477063765667e-07
6.100000000004023981e+00,7.962470490961106595e-01,6.771040489190956191e-02,2.602122304810239872e-01,1.410314500519952752e+01,2.999999335404860634e+00,-2.215317131219289031e-07
6.150000000004129497e+00,8.262390931256877735e-01,6.893881749079920629e-02,2.625620259877639029e-01,1.385184273981520064e+01,2.999999347247204629e+00,-2.175842651238232002e-07
6.200000000004235012e+00,8.567561075345282440e-01,7.001474797265311301e-02,2.646030006871674112e-01,1.363897873237158187e+01,2.999999357278186451e+00,-2.142406045161730226e-07
6.250000000004340528e+00,8.856055991749340883e-01,7.094332634748565236e-02,2.663518844451558398e-01,1.346045791360354471e+01,2.999999365690784181e+00,-2.114364052729911236e-07
6.300000000004446044e+00,9.108109791032488189e-01,7.173749434285298099e-02,2.678385602239770624e-01,1.331144427748624359e+01,2.999999372712887968e+00,-2.090957040105460300e-07
6.350000000004551559e+00,9.306998867907481099e-01,7.241695412914192498e-02,2.691039838596632761e-01,1.318654823355917216e+01,2.999999378598476873e+00,-2.071338410421693361e-07
6.400000000004657075e+00,9.439786790510593661e-01,7.300668433537330082e-02,2.701974913565507452e-01,1.308003051014724960e+01,2.999999383618007887e+00,-2.054606640378153770e-07
6.450000000004762590e+00,9.497899320754464858e-01,7.353516855658948081e-02,2.711736870653004283e-01,1.298602664950036178e+01,2.999999388047836391e+00,-2.039840545364768332e-07
6.500000000004868106e+00,9.477505244822443942e-01,7.403248954465897758e-02,2.720891205922408296e-01,1.289879165788859794e+01,2.999999392158689382e+00,-2.026137702060282209e-07
6.550000000004973622e+00,9.379686908264167622e-01,7.452842732091996547e-02,2.729989511352011733e-01,1.281295866393957006e+01,2.999999396203475222e+00,-2.012655082594960732e-07
6.600000000005079137e+00,9.210393241151875188e-01,7.505066841633258046e-02,2.739537705824334757e-01,1.272379951706811951e+01,2.999999400405001904e+00,-1.998649993654547934e-07
6.650000000005184653e+00,8.980177252413503730e-01,7.562319545440104873e-02,2.749967189884290897e-01,1.262747035236260906e+01,2.999999404944407644e+00,-1.983518641187250460e-07
6.700000000005290168e+00,8.703729083147845325e-01,7.626489041371194155e-02,2.761609864077689269e-01,1.252122245729578687e+01,2.999999409951223495e+00,-1.966829255017898959e-07
6.750000000005395684e+00,8.399224354299504869e-01,7.698835835428352592e-02,2.774677609277941270e-01,1.240355917393374341e+01,2.999999415495975708e+00,-1.948346747641475367e-07
6.800000000005501199e+00,8.087515361861447039e-01,7.779896551725137832e-02,2.789246592132925140e-01,1.227432334353627219e+01,2.999999421586072135e+00,-1.928046426217614744e-07
6.850000000005606715e+00,7.791199334789642439e-01,7.869408774814405649e-02,2.805246651332892194e-01,1.213470650562174313e+01,2.999999428165362136e+00,-1.906115459545295317e-07
6.900000000005712231e+00,7.533603197482131586e-01,7.966258051434188525e-02,2.822456031798226128e-01,1.198717958150317919e+01,2.999999435117406854e+00,-1.882941977153033413e-07
6.950000000005817746e+00,7.337727850546642561e-01,8.068450632118343013e-02,2.840501827515402589e-01,1.183535355288725022e+01,2.999999442272041517e+00,-1.859093194944705374e-07
7.000000000005923262e+00,7.225196750528786183e-01,8.173118304214925522e-02,2.858866611826254012e-01,1.168378607781694711e+01,2.999999449414491703e+00,-1.835285027655212679e-07
7.050000000006028777e+00,7.215253456785605257e-01,8.276564003473499409e-02,2.876901806366268799e-01,1.153775477541898020e+01,2.999999456296055911e+00,-1.812346480297340741e-07
7.100000000006134293e+00,7.323850825986810698e-01,8.374357954275621352e-02,2.893848294965653545e-01,1.140301935701019431e+01,2.999999462645314807e+00,-1.791182283975937543e-07
7.150000000006239809e+00,7.562870754598189915e-01,8.461493065191798280e-02,2.908864566319958045e-01,1.128559287579734516e+01,2.999999468178907946e+00,-1.772736973511731258e-07
7.200000000006345324e+00,7.939507955031652742e-01,8.532604573464211417e-02,2.921062233754052051e-01,1.119153771078452131e+01,2.999999472611154072e+00,-1.757962819759484319e-07
7.250000000006450840e+00,8.455844428314321926e-01,8.582252273714828517e-02,2.929548134732526954e-01,1.112679548556349474e+01,2.999999475662060267e+00,-1.747793132444996900e-07
7.300000000006556355e+00,9.108633350522410410e-01,8.605254498201633795e-02,2.933471407428685507e-01,1.109705307089915394e+01,2.999999477063638675e+00,-1.743121204415369056e-07
7.350000000006661871e+00,9.889302354302162978e-01,8.597052529835606804e-02,2.932073077164961683e-01,1.110764015035781505e+01,2.999999476564735090e+00,-1.744784216365739275e-07
7.400000000006767387e+00,1.078417702615539486e+00,8.554074257433015582e-02,2.924734903787523654e-01,1.116344831495460888e+01,2.999999473934836125e+00,-1.753550546249963708e-07
7.450000000006872902e+00,1.177491623823722522e+00,8.474059006308570785e-02,2.911023704181841532e-01,1.126885779105937502e+01,2.999999468967530891e+00,-1.770108230362647255e-07
7.500000000006978418e+00,1.283914207540820307e+00,8.356303875347104171e-02,2.890727222576890409e-01,1.142765596843145204e+01,2.999999461484341712e+00,-1.795052194294063093e-07
7.550000000007083933e+00,1.395123897506531208e+00,8.201797066128990732e-02,2.863877976822509774e-01,1.164293204101514156e+01,2.999999451339693479e+00,-1.828867688402624481e-07
7.600000000007189449e+00,1.508328960982186606e+00,8.013215665155905276e-02,2.830762382319629844e-01,1.191693445496194492e+01,2.999999438427630949e+00,-1.871907896836925438e-07
7.650000000007294965e+00,1.620610930823456641e+00,7.794782494749821766e-02,2.791913769218136721e-01,1.225088267946623688e+01,2.999999422690688089e+00,-1.924364373036742955e-07
7.700000000007400480e+00,1.729033666671013103e+00,7.551995856729638856e-02,2.748089492125327382e-01,1.264473228888793876e+01,2.999999404130957892e+00,-1.986230140360589758e-07
7.750000000007505996e+00,1.830753563003957307e+00,7.291263386331173213e-02,2.700233950296005991e-01,1.309690252503516561e+01,2.999999382822932326e+00,-2.057256892247968090e-07
7.800000000007611511e+00,1.923126380835461058e+00,7.019483242204560547e-02,2.649430739272978230e-01,1.360398800883046100e+01,2.999999358927085691e+00,-2.136909714363829089e-07
7.850000000007717027e+00,2.003806317623521238e+00,6.743620203153141701e-02,2.596848128626921270e-01,1.416048991170753979e+01,2.999999332702544930e+00,-2.224324850234419564e-07
7.900000000007822543e+00,2.070833250777339707e+00,6.470320523713606053e-02,2.543682473052327753e-01,1.475861443110232862e+01,2.999999304516582921e+00,-2.318278056930485882e-07
7.950000000007928058e+00,2.122704580557528864e+00,6.205599085673230153e-02,2.491103989333490198e-01,1.538819452187949643e+01,2.999999274848311970e+00,-2.417172293434077801e-07
8.000000000008032686e+00,2.158428737693312893e+00,5.954618237416556964e-02,2.440208646287558014e-01,1.603679061322448973e+01,2.999999244283931610e+00,-2.519053561300665933e-07
8.050000000007916157e+00,2.177558182929317798e+00,5.721562927586924807e-02,2.391978872730050887e-01,1.669001408596085412e+01,2.999999213501491457e+00,-2.621661695142070711e-07
8.100000000007799628e+00,2.180200578105357057e+00,5.509604071981694107e-02,2.347254581842730947e-01,1.733209221707110714e+01,2.999999183244262735e+00,-2.722519124217133721e-07
8.150000000007683099e+00,2.167007715612786711e+00,5.320933298474235518e-02,2.306714828164555531e-01,1.794665719311301544e+01,2.999999154283560898e+00,-2.819054797006022581e-07
8.200000000007566570e+00,2.139142717222356715e+00,5.156847874472098026e-02,2.270869409383132753e-01,1.851770076985502200e+01,2.999999127373757624e+00,-2.908754141254614170e-07
8.250000000007450041e+00,2.098226915683755411e+00,5.017864317309939093e-02,2.240058998622567465e-01,1.903059943763697959e+01,2.999999103203967898e+00,-2.989320107005255522e-07
8.300000000007333512e+00,2.046268675427988626e+00,4.903841882510529687e-02,2.214461984887193813e-01,1.947309235147064754e+01,2.999999082351973989e+00,-3.058826753369696108e-07
8.350000000007216983e+00,1.985577156912921692e+00,4.814101572077051500e-02,2.194106098637222113e-01,1.983609286705112495e+01,2.999999065245970709e+00,-3.115846764304801000e-07
8.400000000007100454e+00,1.918664651366375207e+00,4.747531371677225082e-02,2.178883055989289386e-01,2.011423587947794900e+01,2.999999052138785149e+00,-3.159537382835253538e-07
8.450000000006983925e+00,1.848141582902867786e+00,4.702673268313734001e-02,2.168564794585057798e-01,2.030610259457355227e+01,2.999999043097275386e+00,-3.189675748712280110e-07
8.500000000006867396e+00,1.776608573588371875e+00,4.677791705715188264e-02,2.162820312858927396e-01,2.041411244080549992e+01,2.999999038007429952e+00,-3.206641900158994632e-07
8.550000000006750867e+00,1.706550081558741327e+00,4.670926267261853171e-02,2.161232580557181371e-01,2.044411758850481675e+01,2.999999036593469892e+00,-3.211355100359488132e-07
8.600000000006634338e+00,1.640234048026627089e+00,4.679933482152792007e-02,2.163315391280890287e-01,2.040476990096234999e+01,2.999999038447687116e+00,-3.205174376278800410e-07
8.650000000006517809e+00,1.579621729109607520e+00,4.702523765118190452e-02,2.168530323771883650e-01,2.030674816860540233e+01,2.999999043066853499e+00,-3.189777155003052358e-07
8.700000000006401280e+00,1.526291453822785416e+00,4.736299683044511988e-02,2.176304133857331902e-01,2.016193489550347806e+01,2.999999049891021397e+00,-3.167029928678270481e-07
8.750000000006284750e+00,1.481379458560277751e+00,4.778801052460589921e-02,2.186046900791606962e-01,1.998262007705221066e+01,2.999999058341036751e+00,-3.138863210831270281e-07
8.800000000006168221e+00,1.445540225748941809e+00,4.827560880321413866e-02,2.197171108566971232e-01,1.978078955863512434e+01,2.999999067852079371e+00,-3.107159735430779493e-07
8.850000000006051692e+00,1.418927930411463700e+00,4.880173985287068056e-02,2.209111582805872720e-01,1.956753307218820126e+01,2.999999077901557509e+00,-3.073661474968976690e-07
8.900000000005935163e+00,1.401199707681358042e+00,4.934377485772607069e-02,2.221345872612504047e-01,1.935258624425756935e+01,2.999999088030692374e+00,-3.039897692088307521e-07
8.950000000005818634e+00,1.391540534218727920e+00,4.988139536415986397e-02,2.233414322604739266e-01,1.914400452473099534e+01,2.999999097859877839e+00,-3.007133740536478980e-07
9.000000000005702105e+00,1.388708605559828113e+00,5.039750159264778928e-02,2.244938787420445170e-01,1.894795631477655107e+01,2.999999107098434425e+00,-2.976338551915110328e-07
9.050000000005585576e+00,1.391099227884547984e+00,5.087906214262676724e-02,2.255638759700381857e-01,1.876861754791125492e+01,2.999999115549578210e+00,-2.948168072632502698e-07
9.100000000005469047e+00,1.396824462705330339e+00,5.131781891829699516e-02,2.265343658659696446e-01,1.860814973589804922e+01,2.999999123111449340e+00,-2.922961835534939054e-07
9.150000000005352518e+00,1.403805099266258960e+00,5.171076823019193913e-02,2.274000180962876261e-01,1.846674669965210924e+01,2.999999129774912454e+00,-2.900750291819538815e-07
9.200000000005235989e+00,1.409871009816129339e+00,5.206035962566292474e-02,2.281673938705154336e-01,1.834274033867110631e+01,2.999999135618576229e+00,-2.881271412569219592e-07
9.250000000005119460e+00,1.412865589169430613e+00,5.237438488564286065e-02,2.288545059325746700e-01,1.823276131331028438e+01,2.999999140801217656e+00,-2.863995941145465749e-07
9.300000000005002931e+00,1.410749806928110806e+00,5.266556521483271858e-02,2.294897932694016651e-01,1.813195500050241193e+01,2.999999145551603963e+00,-2.848161320123665519e-07
9.350000000004886402e+00,1.401701415665781880e+00,5.295087822227063923e-02,2.301105782493943486e-01,1.803425534403578112e+01,2.999999150155594041e+00,-2.832814686530109030e-07
9.400000000004769873e+00,1.384205060658849185e+00,5.325069159186394951e-02,2.307611136908988558e-01,1.793271843059543613e+01,2.999999154940410140e+00,-2.816865299533806719e-07
9.450000000004653344e+00,1.357129417918821135e+00,5.358778309684533031e-02,2.314903520599623787e-01,1.781991348336983094e+01,2.999999160256219710e+00,-2.799145934299455676e-07
9.500000000004536815e+00,1.319788031373115622e+00,5.398632539739934427e-02,2.323495758494070196e-01,1.768836184945037004e+01,2.999999166455446620e+00,-2.778481844600833028e-07
9.550000000004420286e+00,1.271981204266241061e+00,5.447090038783278937e-02,2.333900177553289990e-01,1.753100557824954819e+01,2.999999173870688374e+00,-2.753764372087630363e-07
9.600000000004303757e+00,1.214017095543912461e+00,5.506558549399787061e-02,2.346605750738667839e-01,1.734167810956008182e+01,2.999999182792538299e+00,-2.724024872335917280e-07
9.650000000004187228e+00,1.146711045801086515e+00,5.579312817047562406e-02,2.362056903854681256e-01,1.711554253838553663e+01,2.999999193448929180e+00,-2.688503569399832158e-07
9.700000000004070699e+00,1.071363072705826314e+00,5.667419981509668608e-02,2.380634365355097648e-01,1.684945992474341381e+01,2.999999205987781803e+00,-2.646707393990273558e-07
9.750000000003954170e+00,9.897143942959120144e-01,5.772670046180767428e-02,2.402638142996312287e-01,1.654225256098188268e+01,2.999999220464591776e+00,-2.598451360746878436e-07
9.800000000003837641e+00,9.038847216890499858e-01,5.896507374487381520e-02,2.428272508283899622e-01,1.619483531358068973e+01,2.999999236836248695e+00,-2.543879171016764631e-07
9.850000000003721112e+00,8.162928735308764283e-01,6.039958933797693469e-02,2.457632790674329770e-01,1.581020117881743836e+01,2.999999254961711159e+00,-2.483460962802534469e-07
9.900000000003604583e+00,7.295639689343873524e-01,6.203555798703605517e-02,2.490693838813515248e-01,1.539326298557561934e+01,2.999999274609466138e+00,-2.417968446207415254e-07
9.950000000003488054e+00,6.464270241966881825e-01,6.387246231159927901e-02,2.527300186198688792e-01,1.495056905576593564e+01,2.999999295470932026e+00,-2.348430226580452136e-07
1.000000000000337153e+01,5.696071873583370415e-01,6.590301408664443750e-02,2.567158236000353089e-01,1.448992389476907228e+01,2.999999317178329683e+00,-2.276072234389895648e-07
1.005000000000325500e+01,5.017170765282898959e-01,6.811218428619469911e-02,2.609831111129505832e-01,1.401995353047166581e+01,2.999999339325167380e+00,-2.202249442066298861e-07
1.010000000000313847e+01,4.451517330711005638e-01,7.047629306834021778e-02,2.654737144584002340e-01,1.354965786332413202e+01,2.999999361487334149e+00,-2.128375552838216726e-07
1.015000000000302194e+01,4.019915572955961025e-01,7.296228855535369373e-02,2.701153245474119391e-01,1.308798939094273983e+01,2.999999383242953677e+00,-2.055856821077857994e-07
1.020000000000290541e+01,3.739172681462569758e-01,7.552737887239202585e-02,2.748224497241665287e-01,1.264348998744921637e+01,2.999999404189499952e+00,-1.986035000160294721e-07
1.025000000000278888e+01,3.621404331790953890e-01,7.811920241970080059e-02,2.794981259681373897e-01,1.222400676111548812e+01,2.999999423957186107e+00,-1.920142712978171466e-07
1.030000000000267235e+01,3.673524714816878145e-01,8.067671654669811288e-02,2.840364704517680527e-01,1.183649632045486300e+01,2.999999442218189927e+00,-1.859272700244218868e-07
1.035000000000255582e+01,3.896942670649200524e-01,8.313194541620277933e-02,2.883261094944451486e-01,1.148691581521983807e+01,2.999999458691786636e+00,-1.804360711214295925e-07
1.040000000000243929e+01,4.287476755929641170e-01,8.541264875334303452e-02,2.922544246942089252e-01,1.118019020003751329e+01,2.999999473145893880e+00,-1.756180353732853809e-07
1.045000000000232276e+01,4.835492988584037533e-01,8.744585682128705462e-02,2.957124563174284848e-01,1.092023902862499440e+01,2.999999485395806076e+00,-1.715347313080428648e-07
1.050000000000220624e+01,5.526259771352000083e-01,8.916207599806312556e-02,2.986001942364792106e-01,1.071004289505457585e+01,2.999999495301068464e+00,-1.682329771786802149e-07
1.055000000000208971e+01,6.340505481004997668e-01,9.049982681704923926e-02,3.008318912898850783e-01,1.055172912630892590e+01,2.999999502761430126e+00,-1.657461899580899563e-07
1.060000000000197318e+01,7.255155800995455317e-01,9.141006253686996541e-02,3.023409706554339160e-01,1.044665797232338811e+01,2.999999507712792557e+00,-1.640957358143661231e-07
1.065000000000185665e+01,8.244220422957180272e-01,9.185996187307229888e-02,3.030840838333024312e-01,1.039549373938178078e+01,2.999999510123851021e+00,-1.632920496597023430e-07
1.070000000000174012e+01,9.279792558547292902e-01,9.183561659659311704e-02,3.030439185936472657e-01,1.039824954566480919e+01,2.999999509993986013e+00,-1.633353379955811697e-07
1.075000000000162359e+01,1.033312004603783807e+00,9.134324875388508125e-02,3.022304563638236186e-01,1.045429926763751283e+01,2.999999507352704597e+00,-1.642157651341828177e-07
1.080000000000150706e+01,1.137570390037531576e+00,9.040877791618324999e-02,3.006805246705932522e-01,1.056235556503898820e+01,2.999999502260670692e+00,-1.659131097693962993e-07
1.085000000000139053e+01,1.238037906361786344e+00,8.907578197128909747e-02,2.984556616505860682e-01,1.072041847310602236e+01,2.999999494812130241e+00,-1.683959565864275583e-07
1.090000000000127400e+01,1.332233291004065512e+00,8.740211093113420260e-02,2.956384801258696293e-01,1.092570474989762452e+01,2.999999485138240551e+00,-1.716205864828642398e-07
1.095000000000115747e+01,1.418001971300197450e+00,8.545557903404889244e-02,2.923278622267280191e-01,1.117457361292806972e+01,2.999999473410568829e+00,-1.755298103904105182e-07
1.100000000000104095e+01,1.493593367745885470e+00,8.330924625235021364e-02,2.886334115315657978e-01,1.146246907166601225e+01,2.999999459843812222e+00,-1.800520625927504170e-07
1.105000000000092442e+01,1.557720909839469314e+00,8.103679668932615987e-02,2.846696272687448959e-01,1.178390185155420333e+01,2.999999444696646478e+00,-1.851011178407210018e-07
1.110000000000080789e+01,1.609602347168963998e+00,7.870843966664664570e-02,2.805502444601441492e-01,1.213249382907067719e+01,2.999999428269632507e+00,-1.905767891644908622e-07
1.115000000000069136e+01,1.648978765563884119e+00,7.638762629455367326e-02,2.763831150677509840e-01,1.250110397290165665e+01,2.999999410899284236e+00,-1.963669052547819256e-07
1.120000000000057483e+01,1.676111611185932215e+00,7.412872301776952944e-02,2.722659049858603408e-01,1.288204652226997204e+01,2.999999392947785726e+00,-2.023507380914205960e-07
1.125000000000045830e+01,1.691757946963969639e+00,7.197564431061577450e-02,2.682827693136772829e-01,1.326739993365406178e+01,2.999999374788429485e+00,-2.084038568384016799e-07
1.130000000000034177e+01,1.697125077191869558e+00,6.996134049959350232e-02,2.645020614278714710e-01,1.364939053100219546e+01,2.999999356787541593e+00,-2.144041528021981839e-07
1.135000000000022524e+01,1.693806539235969799e+00,6.810797318366969277e-02,2.609750432199786085e-01,1.402082038142835785e+01,2.999999339284318278e+00,-2.202385605739228531e-07
1.140000000000010871e+01,1.683702240002229455e+00,6.642758895722315760e-02,2.577355019341013298e-01,1.437549779454302445e+01,2.999999322570534144e+00,-2.258098219520832117e-07
1.144999999999999218e+01,1.668926176492870450e+00,6.492311389959813661e-02,2.548001450148687508e-01,1.470862380427632132e+01,2.999999306872336291e+00,-2.310425545696640774e-07
1.149999999999987566e+01,1.651705696745062291e+00,6.358952490484121034e-02,2.521696351760877586e-01,1.501709062900501657e+01,2.999999292336176016e+00,-2.358879413281537445e-07
1.154999999999975913e+01,1.634276608062324554e+00,6.241509747302197847e-02,2.498301372393290365e-01,1.529965821112634927e+01,2.999999279020488796e+00,-2.403265037346595237e-07
1.159999999999964260e+01,1.618778609065929297e+00,6.138267297724209204e-02,2.477552683137980993e-01,1.555699047034684668e+01,2.999999266893988104e+00,-2.443686706321557267e-07
1.164999999999952607e+01,1.607155503636480631e+00,6.047092429202517022e-02,2.459083656405881002e-01,1.579155056304153426e+01,2.999999255840600565e+00,-2.480531331450208654e-07
1.169999999999940954e+01,1.601064449093332787e+00,5.965562248255624339e-02,2.442450050309243059e-01,1.600737061842914599e+01,2.999999245670316395e+00,-2.514432278684826669e-07
1.174999999999929301e+01,1.601798106626278972e+00,5.891091702666610003e-02,2.427157123605023226e-01,1.620972320154381663e+01,2.999999236134673897e+00,-2.546217753677619258e-07
1.179999999999917648e+01,1.610223015188473994e+00,5.821063801713680791e-02,2.412688086287508582e-01,1.640472757351065880e+01,2.999999226945305519e+00,-2.576848981602116182e-07
1.184999999999905995e+01,1.626736823727727099e+00,5.752961321065525047e-02,2.398533160301421496e-01,1.659892367179180539e+01,2.999999217794027562e+00,-2.607353241460922946e-07
1.190019999999894296e+01,1.651359689296312494e+00,5.684219650073254332e-02,2.384160156129041253e-01,1.679966147224915218e+01,2.999999208334478418e+00,-2.638885071940914586e-07
1.195019999999882643e+01,1.683307813740780201e+00,5.613446685990091528e-02,2.369271340726952502e-01,1.701146749883031717e+01,2.999999198353351382e+00,-2.672155495394197841e-07
